ID-Utente;ID-Sondaggio;ID-Risposta;Ora di inizio;Ora di completamento;Posta elettronica;Nome;Total points;Quiz feedback;Sesso;Points - Sesso;Feedback - Sesso;Fascia d'età;Points - Fascia d'età;Feedback - Fascia d'età;Regione di provenienza;Points - Regione di provenienza;Feedback - Regione di provenienza;Orecchiette broccoli e salsiccia;Points - Orecchiette broccoli e salsiccia;Feedback - Orecchiette broccoli e salsiccia;Risotto con zucchine;Points - Risotto con zucchine;Feedback - Risotto con zucchine;Pasta alla zozzona;Points - Pasta alla zozzona;Feedback - Pasta alla zozzona;Genovese;Points - Genovese;Feedback - Genovese;Couscous alle verdure;Points - Couscous alle verdure;Feedback - Couscous alle verdure;Pasta al forno;Points - Pasta al forno;Feedback - Pasta al forno;Crema di zucca;Points - Crema di zucca;Feedback - Crema di zucca;Seppie con piselli;Points - Seppie con piselli;Feedback - Seppie con piselli;Pollo al limone;Points - Pollo al limone;Feedback - Pollo al limone;Pollo alla cacciatora;Points - Pollo alla cacciatora;Feedback - Pollo alla cacciatora;Vitello tonnato;Points - Vitello tonnato;Feedback - Vitello tonnato;Saltimbocca alla Romana;Points - Saltimbocca alla Romana;Feedback - Saltimbocca alla Romana;Brasato al Barolo;Points - Brasato al Barolo;Feedback - Brasato al Barolo;Baccalà in umido;Points - Baccalà in umido;Feedback - Baccalà in umido;Cornetti salati;Points - Cornetti salati;Feedback - Cornetti salati;Torta salata di zucchine;Points - Torta salata di zucchine;Feedback - Torta salata di zucchine;Cozze gratinate;Points - Cozze gratinate;Feedback - Cozze gratinate;Polpettine di tonno e ricotta;Points - Polpettine di tonno e ricotta;Feedback - Polpettine di tonno e ricotta;Arancini;Points - Arancini;Feedback - Arancini;Fiori di zucca in pastella;Points - Fiori di zucca in pastella;Feedback - Fiori di zucca in pastella;Gnocco fritto;Points - Gnocco fritto;Feedback - Gnocco fritto;Ordina le ricette mettendo in alto quelle che più gradisci;Points - Ordina le ricette mettendo in alto quelle che più gradisci;Feedback - Ordina le ricette mettendo in alto quelle che più gradisci;Ordina le ricette mettendo in alto quelle che più gradisci2;Points - Ordina le ricette mettendo in alto quelle che più gradisci2;Feedback - Ordina le ricette mettendo in alto quelle che più gradisci2;Ordina le ricette mettendo in alto quelle che più gradisci3;Points - Ordina le ricette mettendo in alto quelle che più gradisci3;Feedback - Ordina le ricette mettendo in alto quelle che più gradisci3;Ti piacciono le ricette in cui sono presenti gli agrumi?;Points - Ti piacciono le ricette in cui sono presenti gli agrumi?;Feedback - Ti piacciono le ricette in cui sono presenti gli agrumi?;Ti piacciono le ricette in cui è presente il brodo?;Points - Ti piacciono le ricette in cui è presente il brodo?;Feedback - Ti piacciono le ricette in cui è presente il brodo?;Ti piacciono le ricette in cui è presente il burro?;Points - Ti piacciono le ricette in cui è presente il burro?;Feedback - Ti piacciono le ricette in cui è presente il burro?;Ti piacciono le ricette in cui è presente la carne bianca?;Points - Ti piacciono le ricette in cui è presente la carne bianca?;Feedback - Ti piacciono le ricette in cui è presente la carne bianca?;Ti piacciono le ricette in cui è presente la carne bovina?;Points - Ti piacciono le ricette in cui è presente la carne bovina?;Feedback - Ti piacciono le ricette in cui è presente la carne bovina?;Ti piacciono le ricette in cui è presente la carne suina?;Points - Ti piacciono le ricette in cui è presente la carne suina?;Feedback - Ti piacciono le ricette in cui è presente la carne suina?;Ti piacciono le ricette in cui sono presenti i cereali?;Points - Ti piacciono le ricette in cui sono presenti i cereali?;Feedback - Ti piacciono le ricette in cui sono presenti i cereali?;Ti piacciono le ricette molto condite?;Points - Ti piacciono le ricette molto condite?;Feedback - Ti piacciono le ricette molto condite?;Ti piacciono le ricette in cui sono presenti i crostacei?;Points - Ti piacciono le ricette in cui sono presenti i crostacei?;Feedback - Ti piacciono le ricette in cui sono presenti i crostacei?;Ti piacciono le ricette in cui sono molto usati erbe ed odori (cipolla, aglio, ecc.)?;Points - Ti piacciono le ricette in cui sono molto usati erbe ed odori (cipolla, aglio, ecc.)?;Feedback - Ti piacciono le ricette in cui sono molto usati erbe ed odori (cipolla, aglio, ecc.)?;Ti piacciono le ricette in cui sono presenti i dolcificanti?;Points - Ti piacciono le ricette in cui sono presenti i dolcificanti?;Feedback - Ti piacciono le ricette in cui sono presenti i dolcificanti?;Ti piacciono le ricette in cui è presente la farina?;Points - Ti piacciono le ricette in cui è presente la farina?;Feedback - Ti piacciono le ricette in cui è presente la farina?;Ti piacciono le ricette in cui sono presenti formaggi morbidi?;Points - Ti piacciono le ricette in cui sono presenti formaggi morbidi?;Feedback - Ti piacciono le ricette in cui sono presenti formaggi morbidi?;Ti piacciono le ricette in cui è presente il formaggio a grana dura?;Points - Ti piacciono le ricette in cui è presente il formaggio a grana dura?;Feedback - Ti piacciono le ricette in cui è presente il formaggio a grana dura?;Ti piacciono le ricette in cui è presente la frutta dolce?;Points - Ti piacciono le ricette in cui è presente la frutta dolce?;Feedback - Ti piacciono le ricette in cui è presente la frutta dolce?;Ti piacciono le ricette in cui è presente la frutta salata?;Points - Ti piacciono le ricette in cui è presente la frutta salata?;Feedback - Ti piacciono le ricette in cui è presente la frutta salata?;Ti piacciono le ricette in cui è presente la frutta secca?;Points - Ti piacciono le ricette in cui è presente la frutta secca?;Feedback - Ti piacciono le ricette in cui è presente la frutta secca?;Ti piacciono le ricette in cui sono presenti i funghi?;Points - Ti piacciono le ricette in cui sono presenti i funghi?;Feedback - Ti piacciono le ricette in cui sono presenti i funghi?;Ti piacciono le ricette in cui è presente il latte e/o la panna?;Points - Ti piacciono le ricette in cui è presente il latte e/o la panna?;Feedback - Ti piacciono le ricette in cui è presente il latte e/o la panna?;Ti piacciono le ricette in cui sono presenti i legumi?;Points - Ti piacciono le ricette in cui sono presenti i legumi?;Feedback - Ti piacciono le ricette in cui sono presenti i legumi?;Ti piacciono le ricette in cui sono presenti i molluschi?;Points - Ti piacciono le ricette in cui sono presenti i molluschi?;Feedback - Ti piacciono le ricette in cui sono presenti i molluschi?;Ti piacciono le ricette in cui sono presenti gli ortaggi?;Points - Ti piacciono le ricette in cui sono presenti gli ortaggi?;Feedback - Ti piacciono le ricette in cui sono presenti gli ortaggi?;Ti piacciono le ricette in cui è presente il pane?;Points - Ti piacciono le ricette in cui è presente il pane?;Feedback - Ti piacciono le ricette in cui è presente il pane?;Ti piacciono le ricette in cui è presente la pasta dura?;Points - Ti piacciono le ricette in cui è presente la pasta dura?;Feedback - Ti piacciono le ricette in cui è presente la pasta dura?;Ti piacciono le ricette in cui è presente la pasta fresca?;Points - Ti piacciono le ricette in cui è presente la pasta fresca?;Ti piacciono le ricette in cui è presente il pesce di mare?;Ti piacciono le ricette speziate?;Feedback - Ti piacciono le ricette in cui è presente la pasta fresca?;Ti piacciono le ricette in cui è presente la verdura?;Points - Ti piacciono le ricette in cui è presente il pesce di mare?;Ti piacciono le ricette in cui sono presenti vini e/o liquori?;Ti piacciono le ricette in cui è presente lo yogurt?;Points - Ti piacciono le ricette speziate?;Points - Ti piacciono le ricette in cui è presente la verdura?;Feedback - Ti piacciono le ricette in cui è presente il pesce di mare?;Points - Ti piacciono le ricette in cui sono presenti vini e/o liquori?;Points - Ti piacciono le ricette in cui è presente lo yogurt?;Feedback - Ti piacciono le ricette speziate?;Feedback - Ti piacciono le ricette in cui è presente la verdura?;Feedback - Ti piacciono le ricette in cui sono presenti vini e/o liquori?;Feedback - Ti piacciono le ricette in cui è presente lo yogurt?;Ti piacciono i cibi a base di carne?;Points - Ti piacciono i cibi a base di carne?;Feedback - Ti piacciono i cibi a base di carne?;Ti piacciono i cibi a base di cereali?;Points - Ti piacciono i cibi a base di cereali?;Feedback - Ti piacciono i cibi a base di cereali?;Ti piacciono i cibi a base di frutta?;Points - Ti piacciono i cibi a base di frutta?;Feedback - Ti piacciono i cibi a base di frutta?;Ti piacciono i cibi a base di funghi e tartufo?;Points - Ti piacciono i cibi a base di funghi e tartufo?;Feedback - Ti piacciono i cibi a base di funghi e tartufo?;Ti piacciono i cibi a base di latticini?;Points - Ti piacciono i cibi a base di latticini?;Feedback - Ti piacciono i cibi a base di latticini?;Ti piacciono i cibi a base di pasta?;Points - Ti piacciono i cibi a base di pasta?;Feedback - Ti piacciono i cibi a base di pasta?;Ti piacciono i cibi a base di pesce?;Points - Ti piacciono i cibi a base di pesce?;Feedback - Ti piacciono i cibi a base di pesce?;Ti piacciono i cibi a base di uova?;Points - Ti piacciono i cibi a base di uova?;Feedback - Ti piacciono i cibi a base di uova?;Ti piacciono i cibi a base di verdure e ortaggi?;Points - Ti piacciono i cibi a base di verdure e ortaggi?;Feedback - Ti piacciono i cibi a base di verdure e ortaggi?;Ti piacciono i piatti che richiedono la bollitura?;Points - Ti piacciono i piatti che richiedono la bollitura?;Feedback - Ti piacciono i piatti che richiedono la bollitura?;Ti piacciono i piatti che richiedono la cottura a fiamma?;Points - Ti piacciono i piatti che richiedono la cottura a fiamma?;Feedback - Ti piacciono i piatti che richiedono la cottura a fiamma?;Ti piacciono i piatti che richiedono la cottura a vapore?;Points - Ti piacciono i piatti che richiedono la cottura a vapore?;Feedback - Ti piacciono i piatti che richiedono la cottura a vapore?;Ti piacciono i piatti che richiedono la cottura in forno?;Points - Ti piacciono i piatti che richiedono la cottura in forno?;Feedback - Ti piacciono i piatti che richiedono la cottura in forno?;Ti piacciono i piatti che richiedono la frittura?;Points - Ti piacciono i piatti che richiedono la frittura?;Feedback - Ti piacciono i piatti che richiedono la frittura?;Ti piacciono i piatti che richiedono la mantecatura?;Points - Ti piacciono i piatti che richiedono la mantecatura?;Feedback - Ti piacciono i piatti che richiedono la mantecatura?;Ti piacciono i piatti che richiedono la marinatura?;Points - Ti piacciono i piatti che richiedono la marinatura?;Feedback - Ti piacciono i piatti che richiedono la marinatura?;Ti piacciono i piatti che richiedono la rosolatura?;Points - Ti piacciono i piatti che richiedono la rosolatura?;Feedback - Ti piacciono i piatti che richiedono la rosolatura?;Ti piacciono i piatti che richiedono lo stufato?;Points - Ti piacciono i piatti che richiedono lo stufato?;Feedback - Ti piacciono i piatti che richiedono lo stufato?;Preferisci la cucina semplice a quella elaborata?;Points - Preferisci la cucina semplice a quella elaborata?;Feedback - Preferisci la cucina semplice a quella elaborata?;Sei disposto ad aspettare per un piatto con elevato tempo di preparazione?;Points - Sei disposto ad aspettare per un piatto con elevato tempo di preparazione?;Feedback - Sei disposto ad aspettare per un piatto con elevato tempo di preparazione?;Sei disposto a spendere per un buon piatto?;Points - Sei disposto a spendere per un buon piatto?;Feedback - Sei disposto a spendere per un buon piatto?;Ingrediente/Preparazione 1;Points - Ingrediente/Preparazione 1;Feedback - Ingrediente/Preparazione 1;Ingrediente/Preparazione 2;Points - Ingrediente/Preparazione 2;Feedback - Ingrediente/Preparazione 2;Ingrediente/Preparazione 3;Points - Ingrediente/Preparazione 3;Feedback - Ingrediente/Preparazione 3;Quanto ti piace questa combinazione?;Points - Quanto ti piace questa combinazione?;Feedback - Quanto ti piace questa combinazione?;Ingrediente/Preparazione 12;Points - Ingrediente/Preparazione 12;Feedback - Ingrediente/Preparazione 12;Ingrediente/Preparazione 22;Points - Ingrediente/Preparazione 22;Feedback - Ingrediente/Preparazione 22;Ingrediente/Preparazione 32;Points - Ingrediente/Preparazione 32;Feedback - Ingrediente/Preparazione 32;Quanto ti piace questa combinazione?2;Points - Quanto ti piace questa combinazione?2;Feedback - Quanto ti piace questa combinazione?2;Ingrediente/Preparazione 13;Points - Ingrediente/Preparazione 13;Feedback - Ingrediente/Preparazione 13;Ingrediente/Preparazione 23;Points - Ingrediente/Preparazione 23;Feedback - Ingrediente/Preparazione 23;Ingrediente/Preparazione 33;Points - Ingrediente/Preparazione 33;Feedback - Ingrediente/Preparazione 33;Quanto ti piace questa combinazione?3;Points - Quanto ti piace questa combinazione?3;Feedback - Quanto ti piace questa combinazione?3;Ingrediente/Preparazione 14;Points - Ingrediente/Preparazione 14;Feedback - Ingrediente/Preparazione 14;Ingrediente/Preparazione 24;Points - Ingrediente/Preparazione 24;Feedback - Ingrediente/Preparazione 24;Ingrediente/Preparazione 34;Points - Ingrediente/Preparazione 34;Feedback - Ingrediente/Preparazione 34;Quanto ti piace questa combinazione?4;Points - Quanto ti piace questa combinazione?4;Feedback - Quanto ti piace questa combinazione?4;
0;1;1;1/19/22 17:29:53;1/19/22 17:41:41;anonymous;;;;Donna;;;18-30;;;Liguria;;;9;;;6;;;2;;;10;;;7;;;9;;;9;;;9;;;8;;;9;;;9;;;9;;;10;;;10;;;5;;;9;;;4;;;2;;;10;;;9;;;9;;;"Polpettine di tonno e ricotta;Orecchiette broccoli e salsiccia;Torta salata di zucchine;Seppie con piselli;Pollo alla cacciatora;Pollo al limone;Risotto con zucchine;Cornetti salati;Cozze gratinate;Pasta alla zozzona;";;;"Genovese;Brasato al Barolo;Orecchiette broccoli e salsiccia;Arancini;Saltimbocca alla Romana;Seppie con piselli;Vitello tonnato;Torta salata di zucchine;Fiori di zucca in pastella;Couscous alle verdure;";;;"Baccalà in umido;Genovese;Arancini;Pasta al forno;Crema di zucca;Gnocco fritto;Vitello tonnato;Pollo alla cacciatora;Polpettine di tonno e ricotta;Pasta alla zozzona;";;;2;;;6;;;5;;;8;;;9;;;7;;;9;;;7;;;5;;;8;;;2;;;7;;;8;;;9;;;7;;;3;;;9;;;10;;;8;;;8;;;5;;;10;;;7;;;8;;;10;;10;7;;10;;3;6;;;;;;;;;;9;;;9;;;8;;;10;;;9;;;9;;;10;;;7;;;9;;;7;;;9;;;8;;;10;;;6;;;8;;;8;;;8;;;10;;;5;;;10;;;9;;;Bollitura;;;#NOME?;;;#NOME?;;;3;;;Funghi e Tartufi;;;#NOME?;;;#NOME?;;;10;;;Forno;;;#NOME?;;;#NOME?;;;10;;;Stufato;;;#NOME?;;;#NOME?;;;10;;;
1;1;2;1/24/22 18:21:12;1/24/22 18:29:14;anonymous;;;;Donna;;;18-30;;;Lombardia;;;10;;;9;;;8;;;9;;;9;;;10;;;10;;;9;;;7;;;8;;;8;;;10;;;10;;;8;;;8;;;8;;;7;;;7;;;10;;;10;;;10;;;"Orecchiette broccoli e salsiccia;Risotto con zucchine;Cornetti salati;Pasta alla zozzona;Torta salata di zucchine;Pollo alla cacciatora;Seppie con piselli;Cozze gratinate;Polpettine di tonno e ricotta;Pollo al limone;";;;"Orecchiette broccoli e salsiccia;Fiori di zucca in pastella;Brasato al Barolo;Genovese;Arancini;Saltimbocca alla Romana;Couscous alle verdure;Torta salata di zucchine;Seppie con piselli;Vitello tonnato;";;;"Pasta al forno;Genovese;Gnocco fritto;Baccalà in umido;Pasta alla zozzona;Pollo alla cacciatora;Vitello tonnato;Crema di zucca;Polpettine di tonno e ricotta;Arancini;";;;10;;;10;;;7;;;6;;;8;;;8;;;8;;;10;;;9;;;9;;;7;;;10;;;10;;;10;;;10;;;10;;;10;;;10;;;10;;;8;;;9;;;10;;;10;;;10;;;10;;10;10;;10;;7;10;;;;;;;;;;9;;;9;;;9;;;10;;;10;;;10;;;10;;;10;;;10;;;9;;;10;;;9;;;10;;;10;;;8;;;10;;;10;;;10;;;4;;;10;;;10;;;#NOME?;;;#NOME?;;;Funghi e Tartufi;;;10;;;#NOME?;;;#NOME?;;;#NOME?;;;10;;;Uova;;;#NOME?;;;Verdure e Ortaggi;;;10;;;#NOME?;;;#NOME?;;;Funghi e Tartufi;;;;;;
2;1;3;1/25/22 1:12:57;1/25/22 1:20:07;anonymous;;;;Donna;;;31-50;;;Abruzzo;;;8;;;9;;;7;;;6;;;7;;;7;;;9;;;6;;;7;;;5;;;6;;;5;;;6;;;7;;;7;;;7;;;6;;;9;;;10;;;10;;;8;;;"Polpettine di tonno e ricotta;Risotto con zucchine;Torta salata di zucchine;Cornetti salati;Pasta alla zozzona;Orecchiette broccoli e salsiccia;Pollo al limone;Seppie con piselli;Cozze gratinate;Pollo alla cacciatora;";;;"Arancini;Fiori di zucca in pastella;Vitello tonnato;Seppie con piselli;Orecchiette broccoli e salsiccia;Brasato al Barolo;Torta salata di zucchine;Saltimbocca alla Romana;Genovese;Couscous alle verdure;";;;"Crema di zucca;Arancini;Pasta al forno;Baccalà in umido;Genovese;Vitello tonnato;Gnocco fritto;Pollo alla cacciatora;Pasta alla zozzona;Polpettine di tonno e ricotta;";;;5;;;6;;;6;;;6;;;7;;;6;;;7;;;7;;;7;;;7;;;10;;;9;;;8;;;8;;;8;;;5;;;8;;;6;;;9;;;7;;;9;;;8;;;10;;;8;;;8;;6;8;;9;;6;7;;;;;;;;;;7;;;4;;;7;;;7;;;8;;;8;;;8;;;8;;;8;;;8;;;8;;;5;;;8;;;10;;;7;;;5;;;8;;;9;;;6;;;6;;;7;;;#NOME?;;;#NOME?;;;#NOME?;;;4;;;Dolcificanti;;;#NOME?;;;#NOME?;;;8;;;#NOME?;;;#NOME?;;;#NOME?;;;7;;;Funghi e Tartufi;;;Pasta;;;#NOME?;;;9;;;
3;1;4;1/28/22 14:27:17;1/28/22 14:39:02;anonymous;;;;Donna;;;51-70;;;Piemonte;;;10;;;6;;;6;;;9;;;7;;;9;;;10;;;6;;;8;;;4;;;8;;;9;;;10;;;9;;;6;;;6;;;9;;;5;;;5;;;9;;;8;;;"Orecchiette broccoli e salsiccia;Cozze gratinate;Pollo al limone;Risotto con zucchine;Polpettine di tonno e ricotta;Pasta alla zozzona;Torta salata di zucchine;Seppie con piselli;Cornetti salati;Pollo alla cacciatora;";;;"Orecchiette broccoli e salsiccia;Brasato al Barolo;Genovese;Vitello tonnato;Arancini;Couscous alle verdure;Saltimbocca alla Romana;Torta salata di zucchine;Fiori di zucca in pastella;Seppie con piselli;";;;"Crema di zucca;Pasta al forno;Genovese;Polpettine di tonno e ricotta;Baccalà in umido;Gnocco fritto;Pasta alla zozzona;Vitello tonnato;Pollo alla cacciatora;Arancini;";;;10;;;10;;;8;;;7;;;7;;;7;;;8;;;4;;;8;;;10;;;1;;;8;;;6;;;10;;;10;;;10;;;10;;;10;;;6;;;10;;;9;;;10;;;8;;;10;;;10;;10;10;;10;;7;4;;;;;;;;;;5;;;10;;;10;;;10;;;5;;;8;;;10;;;5;;;10;;;10;;;10;;;10;;;8;;;5;;;8;;;8;;;5;;;6;;;5;;;7;;;7;;;Erbe, Spezie e Condimenti;;;;;;;;;;;;#NOME?;;;#NOME?;;;#NOME?;;;10;;;#NOME?;;;Forno;;;#NOME?;;;8;;;;;;;;;;;;;;;
4;2;1;1/18/22 19:42:46;1/18/22 19:57:09;anonymous;;;;Donna;;;31-50;;;Abruzzo;;;7;;;10;;;5;;;10;;;2;;;2;;;6;;;8;;;1;;;8;;;1;;;9;;;1;;;10;;;10;;;1;;;8;;;9;;;9;;;5;;;5;;;"Arrosto   di vitello al forno con patate;Cozze   gratinate;Pasta e   zucchine;Vitello   tonnato;Gnocco   fritto;Polpette   di carne;Pasta   con la zucca;Pasta alla zozzona;Seppie   con piselli;Parmigiana   di melanzane;";;;"Pollo al   limone;Arrosto   di vitello al forno con patate;Crocchette   di patate;Pasta   con la zucca;Spaghetti   all'Amatriciana;Mozzarella   in carrozza;Cannelloni;Parmigiana   di melanzane;Salmone   al forno;Calamari   ripieni;";;;"Gamberoni   al forno;Spaghetti   all'Amatriciana;Cozze   gratinate;Crocchette   di patate;Torta   rustica salata;Pasta e   lenticchie;Pasta   alla zozzona;Vitello   tonnato;Pasta   agli asparagi;Salmone   al forno;";;;5;;;6;;;5;;;10;;;3;;;10;;;6;;;6;;;10;;;10;;;7;;;7;;;7;;;10;;;7;;;5;;;1;;;10;;;9;;;8;;;8;;;10;;;10;;;10;;;10;;10;7;;10;;10;8;;;;;;;;;;10;;;7;;;7;;;10;;;9;;;10;;;10;;;10;;;10;;;7;;;10;;;5;;;10;;;10;;;10;;;10;;;10;;;10;;;7;;;8;;;8;;;#NOME?;;;Carne;;;#NOME?;;;6;;;#NOME?;;;Erbe, Spezie e Condimenti;;;#NOME?;;;;;;;;;;;;;;;7;;;#NOME?;;;Erbe, Spezie e Condimenti;;;Carne;;;;;;
5;2;2;1/19/22 7:20:41;1/19/22 7:28:40;anonymous;;;;Uomo;;;51-70;;;Abruzzo;;;7;;;9;;;10;;;10;;;5;;;6;;;6;;;10;;;10;;;8;;;6;;;7;;;10;;;10;;;10;;;6;;;8;;;10;;;8;;;7;;;4;;;"Cozze   gratinate;Seppie   con piselli;Pasta alla zozzona;Polpette   di carne;Gnocco   fritto;Vitello   tonnato;Arrosto   di vitello al forno con patate;Parmigiana   di melanzane;Pasta e   zucchine;Pasta   con la zucca;";;;"Calamari   ripieni;Spaghetti   all'Amatriciana;Pollo al   limone;Crocchette   di patate;Salmone   al forno;Pasta   con la zucca;Mozzarella   in carrozza;Parmigiana   di melanzane;Arrosto   di vitello al forno con patate;Cannelloni;";;;"Cozze   gratinate;Gamberoni   al forno;Spaghetti   all'Amatriciana;Pasta   alla zozzona;Pasta   agli asparagi;Pasta e   lenticchie;Crocchette   di patate;Vitello   tonnato;Salmone   al forno;Torta   rustica salata;";;;4;;;6;;;6;;;8;;;10;;;8;;;6;;;7;;;10;;;7;;;7;;;9;;;7;;;9;;;8;;;8;;;8;;;10;;;7;;;5;;;10;;;8;;;10;;;10;;;10;;10;8;;10;;10;9;;;;;;;;;;10;;;8;;;8;;;10;;;7;;;10;;;10;;;10;;;8;;;8;;;10;;;8;;;10;;;10;;;10;;;10;;;8;;;9;;;7;;;8;;;8;;;#NOME?;;;Erbe, Spezie e Condimenti;;;#NOME?;;;10;;;#NOME?;;;#NOME?;;;#NOME?;;;10;;;#NOME?;;;#NOME?;;;#NOME?;;;8;;;#NOME?;;;#NOME?;;;#NOME?;;;;;;
6;2;3;1/24/22 13:23:28;1/24/22 13:41:19;anonymous;;;;Uomo;;;18-30;;;Piemonte;;;6;;;7;;;9;;;10;;;5;;;7;;;6;;;5;;;3;;;10;;;8;;;7;;;5;;;9;;;8;;;10;;;8;;;6;;;7;;;8;;;9;;;"Vitello   tonnato;Parmigiana   di melanzane;Pasta alla zozzona;Polpette   di carne;Gnocco   fritto;Arrosto   di vitello al forno con patate;Pasta e   zucchine;Pasta   con la zucca;Cozze   gratinate;Seppie   con piselli;";;;"Spaghetti   all'Amatriciana;Mozzarella   in carrozza;Crocchette   di patate;Arrosto   di vitello al forno con patate;Pollo al   limone;Calamari   ripieni;Salmone   al forno;Parmigiana   di melanzane;Cannelloni;Pasta   con la zucca;";;;"Spaghetti   all'Amatriciana;Vitello   tonnato;Torta   rustica salata;Pasta   alla zozzona;Gamberoni   al forno;Crocchette   di patate;Salmone   al forno;Pasta e   lenticchie;Cozze   gratinate;Pasta   agli asparagi;";;;8;;;9;;;9;;;9;;;9;;;9;;;8;;;8;;;9;;;10;;;6;;;9;;;9;;;9;;;6;;;5;;;7;;;9;;;6;;;7;;;8;;;9;;;7;;;9;;;9;;8;10;;9;;6;5;;;;;;;;;;9;;;9;;;6;;;9;;;7;;;9;;;8;;;8;;;9;;;9;;;9;;;9;;;9;;;10;;;9;;;9;;;9;;;8;;;5;;;10;;;10;;;#NOME?;;;#NOME?;;;Rosolatura;;;9;;;#NOME?;;;Verdure e Ortaggi;;;Bollitura;;;9;;;#NOME?;;;#NOME?;;;Bollitura;;;;;;Uova;;;Erbe, Spezie e Condimenti;;;Frittura;;;7;;;
7;2;4;1/24/22 13:34:30;1/24/22 13:43:07;anonymous;;;;Uomo;;;18-30;;;Piemonte;;;1;;;1;;;4;;;6;;;1;;;1;;;1;;;6;;;1;;;2;;;1;;;6;;;1;;;1;;;9;;;1;;;1;;;1;;;4;;;1;;;3;;;"Polpette   di carne;Pasta alla zozzona;Arrosto   di vitello al forno con patate;Gnocco   fritto;Vitello   tonnato;Cozze   gratinate;Pasta e   zucchine;Seppie   con piselli;Pasta   con la zucca;Parmigiana   di melanzane;";;;"Spaghetti   all'Amatriciana;Arrosto   di vitello al forno con patate;Pollo al   limone;Cannelloni;Salmone   al forno;Mozzarella   in carrozza;Calamari   ripieni;Parmigiana   di melanzane;Crocchette   di patate;Pasta   con la zucca;";;;"Pasta   alla zozzona;Spaghetti   all'Amatriciana;Vitello   tonnato;Torta   rustica salata;Gamberoni   al forno;Pasta e   lenticchie;Crocchette   di patate;Salmone   al forno;Cozze   gratinate;Pasta   agli asparagi;";;;3;;;2;;;6;;;10;;;10;;;10;;;2;;;1;;;1;;;1;;;8;;;9;;;1;;;1;;;2;;;3;;;3;;;1;;;1;;;1;;;1;;;1;;;7;;;10;;;10;;1;1;;1;;1;1;;;;;;;;;;10;;;1;;;1;;;1;;;1;;;10;;;2;;;5;;;1;;;4;;;10;;;2;;;6;;;10;;;1;;;1;;;8;;;2;;;10;;;10;;;6;;;#NOME?;;;#NOME?;;;Frittura;;;7;;;#NOME?;;;#NOME?;;;Cottura a fiamma;;;6;;;#NOME?;;;#NOME?;;;Bollitura;;;6;;;#NOME?;;;Erbe, Spezie e Condimenti;;;Rosolatura;;;7;;;
8;2;5;1/24/22 13:44:33;1/24/22 13:52:04;anonymous;;;;Uomo;;;31-50;;;Abruzzo;;;1;;;1;;;10;;;10;;;6;;;10;;;1;;;10;;;8;;;7;;;10;;;10;;;10;;;10;;;6;;;10;;;5;;;10;;;1;;;1;;;1;;;"Arrosto   di vitello al forno con patate;Parmigiana   di melanzane;Seppie   con piselli;Cozze   gratinate;Pasta alla zozzona;Polpette   di carne;Vitello   tonnato;Gnocco   fritto;Pasta   con la zucca;Pasta e   zucchine;";;;"Arrosto   di vitello al forno con patate;Parmigiana   di melanzane;Calamari   ripieni;Salmone   al forno;Pollo al   limone;Cannelloni;Spaghetti   all'Amatriciana;Mozzarella   in carrozza;Crocchette   di patate;Pasta   con la zucca;";;;"Gamberoni   al forno;Pasta   agli asparagi;Salmone   al forno;Torta   rustica salata;Spaghetti   all'Amatriciana;Cozze   gratinate;Pasta   alla zozzona;Vitello   tonnato;Pasta e   lenticchie;Crocchette   di patate;";;;8;;;1;;;10;;;10;;;10;;;10;;;1;;;10;;;10;;;10;;;1;;;8;;;8;;;8;;;5;;;5;;;5;;;6;;;7;;;1;;;10;;;6;;;10;;;10;;;10;;10;10;;6;;10;6;;;;;;;;;;10;;;1;;;5;;;4;;;6;;;10;;;10;;;10;;;6;;;3;;;10;;;5;;;10;;;10;;;10;;;10;;;10;;;10;;;1;;;2;;;7;;;#NOME?;;;Erbe, Spezie e Condimenti;;;#NOME?;;;;;;Pesce;;;Erbe, Spezie e Condimenti;;;#NOME?;;;10;;;#NOME?;;;#NOME?;;;#NOME?;;;10;;;Pasta;;;Carne;;;#NOME?;;;10;;;
9;2;6;1/24/22 13:44:55;1/24/22 13:55:12;anonymous;;;;Donna;;;31-50;;;Piemonte;;;6;;;8;;;8;;;10;;;8;;;8;;;6;;;10;;;10;;;10;;;10;;;8;;;10;;;10;;;8;;;7;;;6;;;7;;;7;;;2;;;6;;;"Vitello   tonnato;Seppie   con piselli;Arrosto   di vitello al forno con patate;Pasta e   zucchine;Cozze   gratinate;Pasta alla zozzona;Gnocco   fritto;Polpette   di carne;Parmigiana   di melanzane;Pasta   con la zucca;";;;"Spaghetti   all'Amatriciana;Salmone   al forno;Calamari   ripieni;Arrosto   di vitello al forno con patate;Parmigiana   di melanzane;Cannelloni;Crocchette   di patate;Pasta   con la zucca;Pollo al   limone;Mozzarella   in carrozza;";;;"Vitello   tonnato;Gamberoni   al forno;Salmone   al forno;Cozze   gratinate;Spaghetti   all'Amatriciana;Pasta   alla zozzona;Pasta   agli asparagi;Torta   rustica salata;Crocchette   di patate;Pasta e   lenticchie;";;;8;;;8;;;8;;;7;;;7;;;7;;;9;;;5;;;10;;;10;;;4;;;8;;;5;;;5;;;6;;;6;;;8;;;7;;;9;;;6;;;10;;;9;;;8;;;9;;;9;;10;9;;8;;7;5;;;;;;;;;;8;;;8;;;6;;;7;;;9;;;9;;;10;;;8;;;9;;;6;;;8;;;7;;;9;;;9;;;8;;;9;;;10;;;8;;;10;;;5;;;5;;;#NOME?;;;Cereali;;;#NOME?;;;7;;;;;;;;;;;;;;;;;;;;;;;;;;;;;;;;;;;;;;;
10;2;7;1/28/22 16:39:17;1/28/22 16:46:42;anonymous;;;;Donna;;;51-70;;;Lombardia;;;10;;;10;;;5;;;1;;;1;;;8;;;9;;;1;;;2;;;1;;;2;;;1;;;2;;;2;;;1;;;9;;;9;;;2;;;10;;;9;;;4;;;"Pasta e   zucchine;Pasta   con la zucca;Parmigiana   di melanzane;Gnocco   fritto;Pasta alla zozzona;Seppie   con piselli;Cozze   gratinate;Vitello   tonnato;Polpette   di carne;Arrosto   di vitello al forno con patate;";;;"Pasta   con la zucca;Parmigiana   di melanzane;Mozzarella   in carrozza;Crocchette   di patate;Calamari   ripieni;Salmone   al forno;Cannelloni;Spaghetti   all'Amatriciana;Arrosto   di vitello al forno con patate;Pollo al   limone;";;;"Pasta   agli asparagi;Pasta e   lenticchie;Crocchette   di patate;Pasta   alla zozzona;Cozze   gratinate;Gamberoni   al forno;Salmone   al forno;Torta   rustica salata;Spaghetti   all'Amatriciana;Vitello   tonnato;";;;10;;;10;;;4;;;1;;;1;;;1;;;10;;;8;;;1;;;10;;;8;;;10;;;10;;;10;;;10;;;10;;;10;;;10;;;6;;;10;;;2;;;10;;;10;;;10;;;10;;2;10;;10;;5;10;;;;;;;;;;1;;;10;;;10;;;10;;;8;;;10;;;2;;;10;;;10;;;10;;;10;;;10;;;10;;;8;;;8;;;9;;;9;;;9;;;9;;;9;;;9;;;;;;;;;;;;;;;;;;;;;;;;;;;;;;;;;;;;;;;#NOME?;;;#NOME?;;;Frittura;;;3;;;
11;3;1;1/19/22 8:11:06;1/19/22 8:19:15;anonymous;;;;Uomo;;;51-70;;;Abruzzo;;;10;;;10;;;7;;;4;;;6;;;10;;;10;;;6;;;10;;;10;;;8;;;10;;;9;;;10;;;6;;;10;;;5;;;5;;;10;;;6;;;6;;;"Pasta   con asparagi e pancetta;Insalata   tiepida di polpo e patate;Pollo al   limone;Carbonara   di mare;Gateau   di patate;Gamberoni   al forno;Mozzarella   in carrozza;Polpette   di melanzane;Polpette   di verdure;Risotto   allo Zafferano;";;;"Parmigiana   di melanzane;Salmone   al forno;Carbonara   di mare;Baccalà   in umido;Pasta e   zucchine;Mozzarella   in carrozza;Crocchette   di patate;Seppie   con piselli;Pasta   con la zucca;Gamberoni   al forno;";;;"Spaghetti   alle vongole;Spaghetti   Cacio e Pepe;Insalata   tiepida di polpo e patate;Parmigiana   di melanzane;Polpette   di verdure;Cosce di   pollo al forno;Torta   rustica salata;Baccalà   in umido;Pasta   con la zucca;Risotto   allo Zafferano;";;;10;;;1;;;5;;;10;;;10;;;10;;;10;;;10;;;8;;;8;;;6;;;4;;;10;;;10;;;6;;;7;;;5;;;7;;;7;;;10;;;5;;;10;;;6;;;6;;;10;;7;10;;7;;8;8;;;;;;;;;;10;;;10;;;7;;;10;;;7;;;8;;;6;;;6;;;6;;;7;;;7;;;5;;;10;;;10;;;8;;;8;;;8;;;8;;;10;;;10;;;10;;;#NOME?;;;Funghi e Tartufi;;;#NOME?;;;10;;;#NOME?;;;Erbe, Spezie e Condimenti;;;Forno;;;10;;;#NOME?;;;#NOME?;;;Cottura a fiamma;;;10;;;#NOME?;;;#NOME?;;;Forno;;;;;;
12;3;2;1/24/22 13:52:34;1/24/22 14:07:21;anonymous;;;;Donna;;;18-30;;;Campania;;;10;;;6;;;8;;;8;;;10;;;8;;;10;;;10;;;10;;;10;;;9;;;4;;;7;;;10;;;6;;;10;;;8;;;10;;;10;;;10;;;10;;;"Mozzarella   in carrozza;Polpette   di verdure;Polpette   di melanzane;Gamberoni   al forno;Carbonara   di mare;Gateau   di patate;Risotto   allo Zafferano;Pollo al   limone;Insalata   tiepida di polpo e patate;Pasta   con asparagi e pancetta;";;;"Mozzarella   in carrozza;Crocchette   di patate;Parmigiana   di melanzane;Carbonara   di mare;Gamberoni   al forno;Pasta e   zucchine;Pasta   con la zucca;Seppie   con piselli;Baccalà   in umido;Salmone   al forno;";;;"Cosce di   pollo al forno;Torta   rustica salata;Spaghetti   alle vongole;Polpette   di verdure;Parmigiana   di melanzane;Insalata   tiepida di polpo e patate;Spaghetti   Cacio e Pepe;Risotto   allo Zafferano;Pasta   con la zucca;Baccalà   in umido;";;;10;;;10;;;10;;;10;;;8;;;10;;;6;;;3;;;10;;;8;;;6;;;6;;;10;;;10;;;6;;;10;;;7;;;8;;;10;;;10;;;10;;;10;;;10;;;8;;;10;;10;10;;10;;10;10;;;;;;;;;;10;;;7;;;10;;;8;;;10;;;10;;;10;;;10;;;10;;;8;;;10;;;10;;;10;;;10;;;10;;;10;;;10;;;8;;;10;;;10;;;10;;;#NOME?;;;#NOME?;;;#NOME?;;;10;;;#NOME?;;;#NOME?;;;Forno;;;10;;;#NOME?;;;#NOME?;;;#NOME?;;;10;;;#NOME?;;;#NOME?;;;#NOME?;;;10;;;
13;3;3;1/24/22 14:19:57;1/24/22 14:34:51;anonymous;;;;Uomo;;;51-70;;;Abruzzo;;;7;;;9;;;9;;;7;;;6;;;8;;;9;;;9;;;7;;;8;;;5;;;8;;;7;;;7;;;9;;;8;;;8;;;7;;;10;;;7;;;9;;;"Polpette   di melanzane;Risotto   allo Zafferano;Carbonara   di mare;Pollo al   limone;Gamberoni   al forno;Pasta   con asparagi e pancetta;Gateau   di patate;Insalata   tiepida di polpo e patate;Mozzarella   in carrozza;Polpette   di verdure;";;;"Parmigiana   di melanzane;Salmone   al forno;Seppie   con piselli;Carbonara   di mare;Gamberoni   al forno;Crocchette   di patate;Pasta   con la zucca;Mozzarella   in carrozza;Pasta e   zucchine;Baccalà   in umido;";;;"Parmigiana   di melanzane;Spaghetti   alle vongole;Spaghetti   Cacio e Pepe;Polpette   di verdure;Cosce di   pollo al forno;Risotto   allo Zafferano;Torta   rustica salata;Pasta   con la zucca;Insalata   tiepida di polpo e patate;Baccalà   in umido;";;;7;;;5;;;10;;;8;;;8;;;8;;;9;;;8;;;8;;;8;;;6;;;8;;;6;;;8;;;1;;;1;;;3;;;6;;;5;;;8;;;9;;;9;;;8;;;8;;;9;;8;7;;9;;8;8;;;;;;;;;;8;;;9;;;1;;;8;;;8;;;8;;;8;;;8;;;9;;;6;;;8;;;9;;;8;;;7;;;9;;;8;;;9;;;7;;;7;;;9;;;8;;;#NOME?;;;Funghi e Tartufi;;;#NOME?;;;8;;;#NOME?;;;#NOME?;;;#NOME?;;;8;;;#NOME?;;;#NOME?;;;Funghi e Tartufi;;;9;;;#NOME?;;;#NOME?;;;Cottura a vapore;;;8;;;
14;4;1;1/24/22 13:32:37;1/24/22 13:38:18;anonymous;;;;Donna;;;31-50;;;Abruzzo;;;10;;;10;;;4;;;4;;;7;;;2;;;2;;;3;;;3;;;6;;;2;;;3;;;5;;;4;;;7;;;10;;;10;;;10;;;4;;;3;;;10;;;"Polpette   di zucchine;Cornetti   salati;Fiori di   zucca in pastella;Cannelloni;Scaloppine   al limone;Linguine   gamberetti zucchine e zafferano;Spezzatino   di vitello con patate;Gnocchi   alla sorrentina;Arancini;Salmone   al forno;";;;"Polpette   di zucchine;Risotto   con zucchine;Riso   alla cantonese;Cannelloni;Vitello tonnato;Polpette   al sugo;Salmone   al forno;Torta   salata di melanzane;Parmigiana   di melanzane;Pesce   spada alla siciliana;";;;"Gateau   di patate;Cornetti   salati;Scaloppine   al limone;Riso   alla cantonese;Brasato   al Barolo;Parmigiana   di melanzane;Pasta   alla zozzona;Vitello   tonnato;Pasta   alla cenere;Gnocchi   alla sorrentina;";;;6;;;6;;;7;;;8;;;4;;;4;;;7;;;4;;;9;;;3;;;2;;;7;;;7;;;2;;;9;;;3;;;8;;;7;;;7;;;7;;;8;;;7;;;8;;;4;;;4;;9;3;;9;;2;9;;;;;;;;;;5;;;5;;;5;;;7;;;7;;;7;;;8;;;8;;;4;;;2;;;6;;;6;;;6;;;2;;;5;;;2;;;6;;;5;;;8;;;3;;;8;;;#NOME?;;;Cereali;;;#NOME?;;;5;;;Cereali;;;#NOME?;;;#NOME?;;;;;;#NOME?;;;#NOME?;;;#NOME?;;;;;;#NOME?;;;Verdure e Ortaggi;;;#NOME?;;;;;;
15;4;2;1/24/22 13:35:37;1/24/22 13:47:58;anonymous;;;;Uomo;;;18-30;;;Campania;;;10;;;6;;;10;;;6;;;4;;;5;;;6;;;9;;;10;;;10;;;8;;;7;;;10;;;10;;;10;;;6;;;10;;;10;;;10;;;8;;;10;;;"Fiori di   zucca in pastella;Cannelloni;Salmone   al forno;Spezzatino   di vitello con patate;Arancini;Cornetti   salati;Scaloppine   al limone;Polpette   di zucchine;Gnocchi   alla sorrentina;Linguine   gamberetti zucchine e zafferano;";;;"Parmigiana   di melanzane;Polpette   al sugo;Salmone   al forno;Cannelloni;Vitello tonnato;Pesce   spada alla siciliana;Torta   salata di melanzane;Polpette   di zucchine;Riso   alla cantonese;Risotto   con zucchine;";;;"Parmigiana   di melanzane;Brasato   al Barolo;Gateau   di patate;Cornetti   salati;Vitello   tonnato;Scaloppine   al limone;Gnocchi   alla sorrentina;Riso   alla cantonese;Pasta   alla cenere;Pasta   alla zozzona;";;;10;;;7;;;9;;;10;;;10;;;10;;;8;;;10;;;10;;;10;;;6;;;10;;;1;;;1;;;7;;;7;;;2;;;10;;;7;;;9;;;10;;;9;;;8;;;10;;;10;;10;8;;8;;10;4;;;;;;;;;;10;;;6;;;7;;;10;;;10;;;10;;;10;;;10;;;8;;;7;;;8;;;9;;;8;;;10;;;8;;;8;;;10;;;6;;;8;;;5;;;10;;;#NOME?;;;Marinatura;;;#NOME?;;;10;;;Funghi e Tartufi;;;#NOME?;;;Mantecatura;;;;;;;;;;;;;;;10;;;Frittura;;;#NOME?;;;#NOME?;;;9;;;
16;4;3;1/24/22 17:35:19;1/24/22 17:45:42;anonymous;;;;Uomo;;;18-30;;;Abruzzo;;;9;;;7;;;9;;;8;;;7;;;3;;;6;;;1;;;9;;;1;;;9;;;1;;;9;;;7;;;10;;;2;;;2;;;5;;;3;;;1;;;10;;;"Arancini;Cannelloni;Gnocchi   alla sorrentina;Spezzatino   di vitello con patate;Cornetti   salati;Scaloppine   al limone;Fiori di   zucca in pastella;Polpette   di zucchine;Linguine   gamberetti zucchine e zafferano;Salmone   al forno;";;;"Cannelloni;Polpette   al sugo;Vitello tonnato;Riso   alla cantonese;Parmigiana   di melanzane;Risotto   con zucchine;Torta   salata di melanzane;Polpette   di zucchine;Pesce   spada alla siciliana;Salmone   al forno;";;;"Gateau   di patate;Gnocchi   alla sorrentina;Riso   alla cantonese;Vitello   tonnato;Pasta   alla zozzona;Pasta   alla cenere;Cornetti   salati;Parmigiana   di melanzane;Brasato   al Barolo;Scaloppine   al limone;";;;4;;;8;;;6;;;10;;;8;;;7;;;7;;;9;;;1;;;8;;;7;;;9;;;10;;;10;;;1;;;1;;;3;;;7;;;10;;;6;;;1;;;2;;;8;;;9;;;10;;1;9;;2;;4;8;;;;;;;;;;7;;;8;;;1;;;7;;;8;;;10;;;1;;;9;;;1;;;6;;;8;;;7;;;9;;;8;;;8;;;8;;;7;;;9;;;3;;;10;;;10;;;#NOME?;;;#NOME?;;;#NOME?;;;10;;;#NOME?;;;Erbe, Spezie e Condimenti;;;#NOME?;;;9;;;Stufato;;;#NOME?;;;Verdure e Ortaggi;;;6;;;#NOME?;;;#NOME?;;;#NOME?;;;7;;;
17;4;4;1/24/22 20:59:13;1/24/22 21:28:48;anonymous;;;;Uomo;;;31-50;;;Campania;;;4;;;1;;;6;;;5;;;1;;;7;;;3;;;1;;;9;;;10;;;7;;;1;;;8;;;6;;;10;;;1;;;1;;;4;;;1;;;1;;;9;;;"Arancini;Scaloppine   al limone;Spezzatino   di vitello con patate;Gnocchi   alla sorrentina;Cannelloni;Cornetti   salati;Fiori di   zucca in pastella;Polpette   di zucchine;Linguine   gamberetti zucchine e zafferano;Salmone   al forno;";;;"Polpette   al sugo;Vitello tonnato;Riso   alla cantonese;Cannelloni;Risotto   con zucchine;Parmigiana   di melanzane;Torta   salata di melanzane;Polpette   di zucchine;Salmone   al forno;Pesce   spada alla siciliana;";;;"Scaloppine   al limone;Gateau   di patate;Gnocchi   alla sorrentina;Pasta   alla cenere;Vitello   tonnato;Pasta   alla zozzona;Brasato   al Barolo;Riso   alla cantonese;Cornetti   salati;Parmigiana   di melanzane;";;;7;;;7;;;6;;;8;;;7;;;6;;;3;;;6;;;1;;;6;;;2;;;7;;;7;;;6;;;2;;;2;;;3;;;2;;;5;;;6;;;1;;;3;;;5;;;5;;;7;;1;4;;2;;5;8;;;;;;;;;;6;;;3;;;2;;;1;;;7;;;8;;;1;;;6;;;3;;;4;;;4;;;5;;;7;;;4;;;7;;;7;;;8;;;2;;;6;;;4;;;7;;;#NOME?;;;#NOME?;;;Erbe, Spezie e Condimenti;;;3;;;#NOME?;;;#NOME?;;;Erbe, Spezie e Condimenti;;;4;;;#NOME?;;;Erbe, Spezie e Condimenti;;;#NOME?;;;;;;;;;;;;;;;4;;;
18;4;5;1/28/22 17:20:39;1/28/22 17:34:00;anonymous;;;;Donna;;;51-70;;;Toscana;;;5;;;8;;;6;;;3;;;3;;;6;;;4;;;8;;;7;;;5;;;7;;;4;;;4;;;3;;;5;;;3;;;8;;;8;;;2;;;2;;;5;;;"Cornetti   salati;Spezzatino   di vitello con patate;Fiori di   zucca in pastella;Arancini;Salmone   al forno;Polpette   di zucchine;Linguine   gamberetti zucchine e zafferano;Gnocchi   alla sorrentina;Scaloppine   al limone;Cannelloni;";;;"Vitello tonnato;Salmone   al forno;Torta   salata di melanzane;Pesce   spada alla siciliana;Polpette   di zucchine;Risotto   con zucchine;Polpette   al sugo;Cannelloni;Parmigiana   di melanzane;Riso   alla cantonese;";;;"Cornetti   salati;Vitello   tonnato;Gateau   di patate;Gnocchi   alla sorrentina;Pasta   alla cenere;Pasta   alla zozzona;Scaloppine   al limone;Riso   alla cantonese;Parmigiana   di melanzane;Brasato   al Barolo;";;;3;;;7;;;4;;;3;;;5;;;4;;;8;;;2;;;9;;;3;;;1;;;5;;;5;;;5;;;4;;;4;;;8;;;7;;;4;;;9;;;9;;;5;;;5;;;6;;;9;;7;5;;5;;2;3;;;;;;;;;;5;;;9;;;7;;;4;;;3;;;5;;;9;;;5;;;5;;;7;;;6;;;4;;;7;;;8;;;5;;;5;;;3;;;3;;;8;;;4;;;5;;;#NOME?;;;#NOME?;;;#NOME?;;;5;;;;;;;;;;;;;;;;;;;;;;;;;;;;;;;;;;;;;;;
19;5;1;1/18/22 19:53:10;1/18/22 20:03:18;anonymous;;;;Uomo;;;31-50;;;Abruzzo;;;3;;;7;;;9;;;7;;;7;;;4;;;6;;;7;;;7;;;7;;;8;;;7;;;8;;;8;;;5;;;1;;;7;;;1;;;2;;;6;;;2;;;"Scaloppine   ai funghi;Spezzatino   di manzo;Gnocchi   alla sorrentina;Pasta e   fagioli;Torta   rustica salata;Pollo al   curry;Pasta   allo scarpariello;Arancini;Polpettine   di tonno e ricotta;Polpette   di melanzane;";;;"Spezzatino   di manzo;Salmone   al forno;Crocchette   di patate;Baccalà   in umido;Zuppa di   ceci;Polpette   di melanzane;Penne al   baffo;Insalata   tiepida di polpo e patate;Pasta   allo scarpariello;Melanzane   al forno;";;;"Scaloppine   ai funghi;Pasta e   fagioli;Salmone   al forno;Seppie   con piselli;Polpettine di tonno e ricotta;Pizzoccheri   alla valtellinese;Pasta   alla zozzona;Penne al   baffo;Melanzane   al forno;Gnocco fritto;";;;1;;;1;;;2;;;8;;;8;;;8;;;3;;;6;;;9;;;8;;;1;;;7;;;8;;;8;;;1;;;1;;;2;;;8;;;2;;;8;;;9;;;9;;;9;;;9;;;9;;9;3;;9;;6;6;;;;;;;;;;9;;;6;;;4;;;9;;;7;;;9;;;9;;;9;;;9;;;7;;;9;;;9;;;9;;;9;;;7;;;8;;;8;;;8;;;9;;;5;;;10;;;#NOME?;;;#NOME?;;;#NOME?;;;9;;;#NOME?;;;#NOME?;;;#NOME?;;;9;;;Pasta;;;#NOME?;;;#NOME?;;;10;;;#NOME?;;;#NOME?;;;#NOME?;;;10;;;
20;5;2;1/20/22 13:15:32;1/20/22 13:29:27;anonymous;;;;Uomo;;;18-30;;;Abruzzo;;;5;;;7;;;7;;;8;;;4;;;6;;;7;;;8;;;9;;;3;;;6;;;6;;;7;;;5;;;7;;;6;;;7;;;4;;;2;;;6;;;8;;;"Pollo al   curry;Spezzatino   di manzo;Gnocchi   alla sorrentina;Torta   rustica salata;Pasta   allo scarpariello;Pasta e   fagioli;Arancini;Polpettine   di tonno e ricotta;Scaloppine   ai funghi;Polpette   di melanzane;";;;"Pasta   allo scarpariello;Spezzatino   di manzo;Penne al   baffo;Salmone   al forno;Polpette   di melanzane;Insalata   tiepida di polpo e patate;Baccalà   in umido;Crocchette   di patate;Zuppa di   ceci;Melanzane   al forno;";;;"Pasta   alla zozzona;Gnocco fritto;Pizzoccheri   alla valtellinese;Penne al   baffo;Salmone   al forno;Pasta e   fagioli;Seppie   con piselli;Polpettine di tonno e ricotta;Scaloppine   ai funghi;Melanzane   al forno;";;;5;;;3;;;4;;;5;;;6;;;7;;;4;;;5;;;6;;;3;;;5;;;5;;;6;;;5;;;8;;;5;;;6;;;3;;;5;;;4;;;6;;;2;;;3;;;5;;;6;;4;4;;3;;4;4;;;;;;;;;;6;;;4;;;6;;;2;;;4;;;6;;;4;;;4;;;3;;;4;;;6;;;7;;;8;;;8;;;5;;;5;;;6;;;5;;;7;;;5;;;3;;;#NOME?;;;#NOME?;;;#NOME?;;;7;;;#NOME?;;;Marinatura;;;Cottura a fiamma;;;7;;;#NOME?;;;Forno;;;#NOME?;;;7;;;#NOME?;;;Cottura a fiamma;;;#NOME?;;;7;;;
21;5;3;1/24/22 13:17:26;1/24/22 13:28:53;anonymous;;;;Donna;;;31-50;;;Abruzzo;;;7;;;9;;;2;;;10;;;6;;;7;;;5;;;8;;;10;;;10;;;10;;;3;;;10;;;10;;;10;;;10;;;10;;;10;;;10;;;10;;;10;;;"Scaloppine   ai funghi;Pollo al   curry;Arancini;Spezzatino   di manzo;Gnocchi   alla sorrentina;Torta   rustica salata;Polpettine   di tonno e ricotta;Polpette   di melanzane;Pasta   allo scarpariello;Pasta e   fagioli;";;;"Insalata   tiepida di polpo e patate;Crocchette   di patate;Spezzatino   di manzo;Salmone   al forno;Melanzane   al forno;Pasta   allo scarpariello;Penne al   baffo;Polpette   di melanzane;Zuppa di   ceci;Baccalà   in umido;";;;"Gnocco fritto;Scaloppine   ai funghi;Seppie   con piselli;Polpettine di tonno e ricotta;Salmone   al forno;Penne al   baffo;Pasta   alla zozzona;Melanzane   al forno;Pasta e   fagioli;Pizzoccheri   alla valtellinese;";;;7;;;10;;;7;;;9;;;9;;;9;;;6;;;10;;;10;;;10;;;6;;;10;;;10;;;10;;;3;;;6;;;10;;;10;;;10;;;4;;;10;;;8;;;10;;;7;;;9;;10;10;;8;;8;8;;;;;;;;;;10;;;8;;;4;;;9;;;8;;;6;;;10;;;8;;;8;;;8;;;9;;;10;;;10;;;10;;;10;;;10;;;10;;;10;;;5;;;8;;;10;;;#NOME?;;;Erbe, Spezie e Condimenti;;;#NOME?;;;10;;;#NOME?;;;#NOME?;;;#NOME?;;;10;;;#NOME?;;;Funghi e Tartufi;;;#NOME?;;;10;;;#NOME?;;;#NOME?;;;Marinatura;;;10;;;
22;5;4;1/24/22 13:20:40;1/24/22 13:32:08;anonymous;;;;Donna;;;31-50;;;Abruzzo;;;1;;;1;;;9;;;10;;;9;;;1;;;1;;;10;;;5;;;10;;;4;;;3;;;6;;;7;;;7;;;3;;;1;;;1;;;1;;;6;;;10;;;"Spezzatino   di manzo;Scaloppine   ai funghi;Pollo al   curry;Pasta e   fagioli;Arancini;Torta   rustica salata;Pasta   allo scarpariello;Polpette   di melanzane;Polpettine   di tonno e ricotta;Gnocchi   alla sorrentina;";;;"Spezzatino   di manzo;Penne al   baffo;Crocchette   di patate;Insalata   tiepida di polpo e patate;Zuppa di   ceci;Baccalà   in umido;Salmone   al forno;Polpette   di melanzane;Melanzane   al forno;Pasta   allo scarpariello;";;;"Gnocco fritto;Pasta   alla zozzona;Scaloppine   ai funghi;Seppie   con piselli;Penne al   baffo;Pasta e   fagioli;Salmone   al forno;Melanzane   al forno;Polpettine di tonno e ricotta;Pizzoccheri   alla valtellinese;";;;3;;;7;;;7;;;10;;;8;;;9;;;8;;;7;;;10;;;10;;;9;;;9;;;1;;;1;;;3;;;3;;;3;;;9;;;10;;;8;;;10;;;8;;;8;;;10;;;10;;10;5;;7;;7;4;;;;;;;;;;9;;;8;;;3;;;10;;;5;;;10;;;10;;;7;;;6;;;9;;;9;;;4;;;6;;;9;;;9;;;2;;;8;;;7;;;4;;;10;;;10;;;#NOME?;;;#NOME?;;;;;;1;;;#NOME?;;;#NOME?;;;#NOME?;;;2;;;;;;;;;;;;;;;#NOME?;;;#NOME?;;;#NOME?;;;1;;;
23;5;5;1/25/22 20:57:21;1/25/22 21:17:22;anonymous;;;;Donna;;;31-50;;;Abruzzo;;;5;;;3;;;6;;;7;;;8;;;1;;;4;;;3;;;3;;;8;;;8;;;3;;;3;;;1;;;7;;;5;;;6;;;4;;;7;;;9;;;5;;;"Pasta e   fagioli;Arancini;Torta   rustica salata;Scaloppine   ai funghi;Polpette   di melanzane;Spezzatino   di manzo;Polpettine   di tonno e ricotta;Pollo al   curry;Gnocchi   alla sorrentina;Pasta   allo scarpariello;";;;"Crocchette   di patate;Zuppa di   ceci;Salmone   al forno;Melanzane   al forno;Penne al   baffo;Polpette   di melanzane;Spezzatino   di manzo;Baccalà   in umido;Insalata   tiepida di polpo e patate;Pasta   allo scarpariello;";;;"Pasta e   fagioli;Scaloppine   ai funghi;Penne al   baffo;Melanzane   al forno;Salmone   al forno;Gnocco fritto;Polpettine di tonno e ricotta;Pasta   alla zozzona;Pizzoccheri   alla valtellinese;Seppie   con piselli;";;;8;;;6;;;8;;;8;;;4;;;4;;;8;;;6;;;7;;;8;;;8;;;8;;;6;;;1;;;8;;;8;;;10;;;9;;;7;;;9;;;3;;;7;;;10;;;10;;;9;;7;7;;7;;5;3;;;;;;;;;;4;;;9;;;8;;;8;;;7;;;10;;;7;;;7;;;7;;;7;;;8;;;7;;;9;;;10;;;7;;;5;;;5;;;6;;;8;;;3;;;8;;;#NOME?;;;#NOME?;;;#NOME?;;;2;;;#NOME?;;;#NOME?;;;#NOME?;;;2;;;#NOME?;;;#NOME?;;;Erbe, Spezie e Condimenti;;;5;;;#NOME?;;;#NOME?;;;#NOME?;;;7;;;
24;6;1;1/18/22 19:22:05;1/18/22 19:35:38;anonymous;;;;Donna;;;31-50;;;Abruzzo;;;10;;;10;;;10;;;10;;;10;;;7;;;9;;;10;;;10;;;5;;;5;;;10;;;10;;;8;;;10;;;8;;;8;;;6;;;7;;;8;;;9;;;"Cannelloni;Frittata   di spaghetti;Pollo   alla cacciatora;Melanzane   al forno;Calamari   ripieni;Spaghetti   alla puttanesca;Arancini;Polpette   di verdure;Capesante   gratinate;Salmone   croccante;";;;"Frittata   di spaghetti;Pesce   spada alla siciliana;Insalata   di riso;Pasta al   forno con broccoli e pancetta;Polpette   di zucchine;Saltimbocca   alla Romana;Calamari   ripieni;Melanzane   al forno;Mozzarella   in carrozza;Pollo al   limone;";;;"Cannelloni;Linguine   gamberetti zucchine e zafferano;Pasta al   forno con broccoli e pancetta;Mozzarella   in carrozza;Polpette   di verdure;Zuppa di   ceci;Brasato   al Barolo;Crocchette   di patate;Pollo al   limone;Salmone   croccante;";;;5;;;10;;;8;;;10;;;10;;;7;;;6;;;5;;;10;;;7;;;6;;;10;;;6;;;4;;;6;;;5;;;4;;;10;;;10;;;8;;;8;;;10;;;8;;;8;;;8;;10;7;;8;;10;9;;;;;;;;;;10;;;7;;;7;;;7;;;9;;;7;;;9;;;8;;;9;;;9;;;9;;;7;;;8;;;10;;;7;;;7;;;5;;;6;;;10;;;10;;;7;;;#NOME?;;;Erbe, Spezie e Condimenti;;;Forno;;;10;;;#NOME?;;;Erbe, Spezie e Condimenti;;;#NOME?;;;10;;;#NOME?;;;#NOME?;;;#NOME?;;;10;;;#NOME?;;;#NOME?;;;#NOME?;;;10;;;
25;6;2;1/18/22 19:17:39;1/18/22 19:43:28;anonymous;;;;Uomo;;;51-70;;;Abruzzo;;;5;;;6;;;8;;;7;;;6;;;8;;;8;;;8;;;6;;;7;;;7;;;6;;;8;;;7;;;8;;;6;;;6;;;6;;;7;;;7;;;7;;;"Calamari   ripieni;Capesante   gratinate;Cannelloni;Salmone   croccante;Arancini;Polpette   di verdure;Spaghetti   alla puttanesca;Pollo   alla cacciatora;Melanzane   al forno;Frittata   di spaghetti;";;;"Pesce   spada alla siciliana;Calamari   ripieni;Pasta al   forno con broccoli e pancetta;Pollo al   limone;Saltimbocca   alla Romana;Mozzarella   in carrozza;Insalata   di riso;Polpette   di zucchine;Melanzane   al forno;Frittata   di spaghetti;";;;"Linguine   gamberetti zucchine e zafferano;Salmone   croccante;Cannelloni;Pasta al   forno con broccoli e pancetta;Zuppa di   ceci;Mozzarella   in carrozza;Pollo al   limone;Polpette   di verdure;Crocchette   di patate;Brasato   al Barolo;";;;7;;;7;;;5;;;6;;;7;;;7;;;7;;;7;;;8;;;6;;;7;;;8;;;7;;;7;;;7;;;7;;;8;;;5;;;6;;;7;;;8;;;6;;;7;;;7;;;8;;8;6;;6;;6;6;;;;;;;;;;7;;;7;;;7;;;5;;;6;;;7;;;8;;;6;;;6;;;6;;;7;;;6;;;7;;;8;;;7;;;7;;;7;;;7;;;8;;;6;;;8;;;Frittura;;;#NOME?;;;#NOME?;;;8;;;;;;;;;;;;;;;;;;;;;;;;;;;;;;;;;;;;;;;
26;6;3;1/19/22 12:42:36;1/19/22 12:58:33;anonymous;;;;Uomo;;;18-30;;;Lazio;;;10;;;10;;;10;;;5;;;7;;;10;;;5;;;8;;;8;;;6;;;6;;;8;;;8;;;6;;;10;;;10;;;10;;;4;;;10;;;6;;;10;;;"Arancini;Cannelloni;Spaghetti   alla puttanesca;Frittata   di spaghetti;Capesante   gratinate;Pollo   alla cacciatora;Calamari   ripieni;Salmone   croccante;Melanzane   al forno;Polpette   di verdure;";;;"Mozzarella   in carrozza;Saltimbocca   alla Romana;Insalata   di riso;Pesce   spada alla siciliana;Frittata   di spaghetti;Pollo al   limone;Calamari   ripieni;Pasta al   forno con broccoli e pancetta;Polpette   di zucchine;Melanzane   al forno;";;;"Linguine   gamberetti zucchine e zafferano;Mozzarella   in carrozza;Crocchette   di patate;Cannelloni;Brasato   al Barolo;Pollo al   limone;Salmone   croccante;Pasta al   forno con broccoli e pancetta;Zuppa di   ceci;Polpette   di verdure;";;;6;;;8;;;8;;;7;;;9;;;7;;;7;;;8;;;8;;;8;;;7;;;8;;;10;;;10;;;8;;;8;;;8;;;9;;;8;;;8;;;9;;;7;;;9;;;10;;;10;;10;8;;7;;10;8;;;;;;;;;;8;;;8;;;8;;;10;;;10;;;10;;;9;;;10;;;8;;;8;;;8;;;8;;;9;;;10;;;8;;;8;;;8;;;8;;;10;;;7;;;8;;;;;;;;;;;;;;;;;;;;;;;;;;;;;;;;;;;;;;;;;;;;;;;;;;;
27;6;4;1/19/22 11:58:10;1/20/22 15:33:26;anonymous;;;;Uomo;;;18-30;;;Lombardia;;;10;;;8;;;5;;;3;;;6;;;6;;;7;;;5;;;7;;;4;;;4;;;6;;;6;;;7;;;5;;;8;;;7;;;9;;;8;;;9;;;7;;;"Frittata   di spaghetti;Polpette   di verdure;Spaghetti   alla puttanesca;Pollo   alla cacciatora;Melanzane   al forno;Calamari   ripieni;Arancini;Salmone   croccante;Cannelloni;Capesante   gratinate;";;;"Frittata   di spaghetti;Polpette   di zucchine;Melanzane   al forno;Insalata   di riso;Pesce   spada alla siciliana;Pasta al   forno con broccoli e pancetta;Mozzarella   in carrozza;Saltimbocca   alla Romana;Pollo al   limone;Calamari   ripieni;";;;"Polpette   di verdure;Brasato   al Barolo;Mozzarella   in carrozza;Zuppa di   ceci;Pasta al   forno con broccoli e pancetta;Linguine   gamberetti zucchine e zafferano;Crocchette   di patate;Pollo al   limone;Salmone   croccante;Cannelloni;";;;7;;;7;;;8;;;8;;;9;;;9;;;9;;;7;;;8;;;8;;;7;;;8;;;9;;;9;;;8;;;6;;;6;;;8;;;7;;;8;;;8;;;8;;;7;;;9;;;9;;9;8;;8;;8;7;;;;;;;;;;9;;;8;;;8;;;8;;;8;;;9;;;9;;;8;;;9;;;8;;;9;;;7;;;8;;;8;;;9;;;9;;;8;;;8;;;5;;;8;;;8;;;Cottura a vapore;;;#NOME?;;;;;;2;;;Erbe, Spezie e Condimenti;;;#NOME?;;;;;;5;;;;;;;;;;;;;;;;;;;;;;;;;;;
28;6;5;1/20/22 18:56:31;1/20/22 19:10:49;anonymous;;;;Uomo;;;31-50;;;Sicilia;;;4;;;4;;;6;;;8;;;6;;;4;;;8;;;6;;;8;;;8;;;8;;;8;;;7;;;8;;;2;;;8;;;8;;;7;;;6;;;8;;;9;;;"Melanzane   al forno;Arancini;Cannelloni;Polpette   di verdure;Pollo   alla cacciatora;Frittata   di spaghetti;Spaghetti   alla puttanesca;Calamari   ripieni;Salmone   croccante;Capesante   gratinate;";;;"Melanzane   al forno;Pasta al   forno con broccoli e pancetta;Pesce   spada alla siciliana;Mozzarella   in carrozza;Pollo al   limone;Saltimbocca   alla Romana;Polpette   di zucchine;Calamari   ripieni;Insalata   di riso;Frittata   di spaghetti;";;;"Crocchette   di patate;Pasta al   forno con broccoli e pancetta;Salmone   croccante;Zuppa di   ceci;Pollo al   limone;Cannelloni;Mozzarella   in carrozza;Polpette   di verdure;Brasato   al Barolo;Linguine   gamberetti zucchine e zafferano;";;;9;;;9;;;6;;;7;;;8;;;7;;;6;;;4;;;4;;;8;;;3;;;7;;;6;;;7;;;7;;;7;;;8;;;6;;;5;;;7;;;4;;;6;;;6;;;9;;;9;;7;8;;8;;5;5;;;;;;;;;;9;;;7;;;8;;;5;;;5;;;9;;;7;;;6;;;7;;;7;;;8;;;7;;;8;;;8;;;6;;;6;;;8;;;7;;;9;;;7;;;8;;;Pasta;;;Latticini;;;;;;3;;;#NOME?;;;Pasta;;;;;;8;;;;;;;;;;;;;;;;;;;;;;;;;;;
29;6;6;1/24/22 14:00:24;1/24/22 14:10:28;anonymous;;;;Donna;;;18-30;;;Trentino-Alto Adige;;;1;;;1;;;1;;;1;;;10;;;1;;;10;;;1;;;1;;;1;;;1;;;1;;;1;;;1;;;1;;;1;;;1;;;1;;;1;;;1;;;1;;;"Melanzane   al forno;Polpette   di verdure;Arancini;Frittata   di spaghetti;Cannelloni;Spaghetti   alla puttanesca;Capesante   gratinate;Calamari   ripieni;Salmone   croccante;Pollo   alla cacciatora;";;;"Insalata   di riso;Polpette   di zucchine;Melanzane   al forno;Frittata   di spaghetti;Mozzarella   in carrozza;Pasta al   forno con broccoli e pancetta;Calamari   ripieni;Pollo al   limone;Pesce   spada alla siciliana;Saltimbocca   alla Romana;";;;"Zuppa di   ceci;Polpette   di verdure;Crocchette   di patate;Mozzarella   in carrozza;Cannelloni;Pasta al   forno con broccoli e pancetta;Linguine   gamberetti zucchine e zafferano;Pollo al   limone;Brasato   al Barolo;Salmone   croccante;";;;10;;;10;;;1;;;1;;;1;;;1;;;10;;;10;;;1;;;10;;;7;;;10;;;1;;;1;;;10;;;10;;;10;;;10;;;1;;;10;;;1;;;10;;;10;;;10;;;10;;1;10;;10;;10;1;;;;;;;;;;1;;;10;;;10;;;10;;;1;;;10;;;1;;;1;;;10;;;10;;;10;;;10;;;10;;;10;;;1;;;10;;;10;;;10;;;6;;;9;;;8;;;Dolcificanti;;;Funghi e Tartufi;;;;;;1;;;#NOME?;;;#NOME?;;;;;;1;;;#NOME?;;;Bollitura;;;;;;3;;;#NOME?;;;#NOME?;;;;;;1;;;
30;6;7;1/24/22 14:37:00;1/24/22 15:15:54;anonymous;;;;Donna;;;31-50;;;Puglia;;;4;;;8;;;9;;;6;;;3;;;3;;;3;;;8;;;9;;;9;;;4;;;5;;;4;;;4;;;2;;;4;;;6;;;6;;;8;;;4;;;8;;;"Cannelloni;Spaghetti   alla puttanesca;Pollo   alla cacciatora;Calamari   ripieni;Salmone   croccante;Melanzane   al forno;Arancini;Polpette   di verdure;Frittata   di spaghetti;Capesante   gratinate;";;;"Mozzarella   in carrozza;Melanzane   al forno;Calamari   ripieni;Pasta al   forno con broccoli e pancetta;Saltimbocca   alla Romana;Pesce   spada alla siciliana;Insalata   di riso;Pollo al   limone;Polpette   di zucchine;Frittata   di spaghetti;";;;"Mozzarella   in carrozza;Cannelloni;Crocchette   di patate;Salmone   croccante;Pasta al   forno con broccoli e pancetta;Pollo al   limone;Polpette   di verdure;Linguine   gamberetti zucchine e zafferano;Zuppa di   ceci;Brasato   al Barolo;";;;3;;;1;;;4;;;4;;;7;;;8;;;4;;;7;;;6;;;7;;;3;;;6;;;6;;;6;;;3;;;1;;;7;;;4;;;5;;;3;;;3;;;3;;;5;;;6;;;6;;2;3;;4;;3;3;;;;;;;;;;8;;;4;;;5;;;3;;;7;;;7;;;2;;;3;;;3;;;1;;;5;;;2;;;6;;;6;;;5;;;4;;;6;;;2;;;3;;;4;;;6;;;#NOME?;;;#NOME?;;;#NOME?;;;5;;;#NOME?;;;#NOME?;;;#NOME?;;;5;;;#NOME?;;;#NOME?;;;#NOME?;;;4;;;#NOME?;;;#NOME?;;;#NOME?;;;4;;;
31;7;1;1/18/22 19:36:44;1/18/22 19:46:24;anonymous;;;;Uomo;;;51-70;;;Abruzzo;;;9;;;5;;;3;;;3;;;5;;;5;;;5;;;3;;;1;;;6;;;6;;;3;;;5;;;4;;;1;;;4;;;3;;;3;;;2;;;1;;;5;;;"Zuppa di   ceci;Pesce   spada alla siciliana;Torta   rustica salata;Gateau   di patate;Pollo al   limone;Pasta   alla marinara;Gnocco   fritto;Cornetti   salati;Pollo al   curry;Tagliatelle   ai funghi porcini;";;;"Arrosto   di vitello al forno con patate;Spezzatino   di manzo;Pomodori   ripieni;Gnocchi   alla sorrentina;Polpettine   di tonno e ricotta;Zuppa di   ceci;Pollo al   limone;Torta   salata di melanzane;Cosce di   pollo al forno;Gateau   di patate;";;;"Pesce   spada alla siciliana;Torta   rustica salata;Insalata   di riso;Crocchette   di patate;Pomodori   ripieni;Carbonara   di mare;Torta   salata di melanzane;Tagliatelle   ai funghi porcini;Arrosto   di vitello al forno con patate;Polpette   al sugo;";;;7;;;4;;;1;;;2;;;2;;;2;;;7;;;1;;;6;;;6;;;2;;;5;;;3;;;7;;;4;;;4;;;2;;;1;;;1;;;9;;;6;;;9;;;5;;;6;;;8;;8;2;;8;;4;6;;;;;;;;;;6;;;9;;;6;;;7;;;3;;;6;;;8;;;5;;;8;;;7;;;8;;;8;;;7;;;3;;;6;;;6;;;8;;;6;;;8;;;8;;;9;;;Cereali;;;#NOME?;;;Funghi e Tartufi;;;6;;;;;;;;;;;;;;;Cereali;;;#NOME?;;;#NOME?;;;6;;;;;;;;;;;;;;;
32;7;2;1/19/22 9:43:17;1/19/22 9:50:48;anonymous;;;;Donna;;;18-30;;;Molise;;;10;;;7;;;10;;;8;;;8;;;10;;;8;;;10;;;5;;;8;;;10;;;8;;;8;;;10;;;8;;;10;;;10;;;10;;;8;;;8;;;10;;;"Gateau   di patate;Tagliatelle   ai funghi porcini;Zuppa di   ceci;Pollo al   limone;Cornetti   salati;Torta   rustica salata;Pasta   alla marinara;Gnocco   fritto;Pesce   spada alla siciliana;Pollo al   curry;";;;"Gateau   di patate;Zuppa di   ceci;Pollo al   limone;Arrosto   di vitello al forno con patate;Cosce di   pollo al forno;Spezzatino   di manzo;Gnocchi   alla sorrentina;Polpettine   di tonno e ricotta;Pomodori   ripieni;Torta   salata di melanzane;";;;"Insalata   di riso;Tagliatelle   ai funghi porcini;Polpette   al sugo;Crocchette   di patate;Torta   rustica salata;Arrosto   di vitello al forno con patate;Pomodori   ripieni;Carbonara   di mare;Pesce   spada alla siciliana;Torta   salata di melanzane;";;;6;;;9;;;9;;;10;;;10;;;10;;;8;;;7;;;7;;;8;;;5;;;10;;;10;;;10;;;6;;;6;;;6;;;10;;;10;;;10;;;6;;;10;;;10;;;10;;;10;;8;5;;10;;7;7;;;;;;;;;;10;;;7;;;7;;;10;;;10;;;10;;;7;;;10;;;10;;;10;;;10;;;10;;;10;;;8;;;10;;;9;;;7;;;7;;;10;;;8;;;8;;;#NOME?;;;Funghi e Tartufi;;;Mantecatura;;;10;;;#NOME?;;;#NOME?;;;Forno;;;10;;;#NOME?;;;;;;;;;10;;;#NOME?;;;;;;;;;10;;;
33;7;3;1/19/22 11:58:59;1/19/22 17:51:52;anonymous;;;;Uomo;;;31-50;;;Marche;;;7;;;10;;;10;;;8;;;6;;;6;;;2;;;6;;;10;;;10;;;6;;;4;;;6;;;7;;;10;;;4;;;5;;;5;;;5;;;5;;;5;;;"Pasta   alla marinara;Tagliatelle   ai funghi porcini;Pesce   spada alla siciliana;Gnocco   fritto;Zuppa di   ceci;Pollo al   curry;Pollo al   limone;Torta   rustica salata;Cornetti   salati;Gateau   di patate;";;;"Pomodori   ripieni;Torta   salata di melanzane;Polpettine   di tonno e ricotta;Spezzatino   di manzo;Cosce di   pollo al forno;Zuppa di   ceci;Pollo al   limone;Gnocchi   alla sorrentina;Arrosto   di vitello al forno con patate;Gateau   di patate;";;;"Tagliatelle   ai funghi porcini;Pesce   spada alla siciliana;Polpette   al sugo;Pomodori   ripieni;Arrosto   di vitello al forno con patate;Torta   rustica salata;Torta   salata di melanzane;Insalata   di riso;Crocchette   di patate;Carbonara   di mare;";;;1;;;8;;;8;;;8;;;8;;;7;;;7;;;8;;;10;;;10;;;1;;;8;;;8;;;8;;;3;;;3;;;5;;;7;;;8;;;7;;;10;;;8;;;7;;;8;;;8;;10;10;;8;;8;10;;;;;;;;;;8;;;7;;;7;;;7;;;7;;;8;;;10;;;7;;;7;;;5;;;8;;;8;;;8;;;8;;;8;;;8;;;8;;;7;;;5;;;5;;;8;;;#NOME?;;;#NOME?;;;Erbe, Spezie e Condimenti;;;5;;;#NOME?;;;Cottura a vapore;;;#NOME?;;;10;;;#NOME?;;;Forno;;;#NOME?;;;7;;;#NOME?;;;Cereali;;;Funghi e Tartufi;;;5;;;
34;7;4;1/19/22 18:49:27;1/19/22 19:09:39;anonymous;;;;Donna;;;18-30;;;Abruzzo;;;6;;;4;;;8;;;7;;;8;;;7;;;7;;;7;;;9;;;7;;;9;;;8;;;9;;;7;;;9;;;6;;;7;;;8;;;8;;;8;;;2;;;"Pollo al   curry;Tagliatelle   ai funghi porcini;Gnocco   fritto;Pesce   spada alla siciliana;Torta   rustica salata;Cornetti   salati;Pollo al   limone;Zuppa di   ceci;Gateau   di patate;Pasta   alla marinara;";;;"Arrosto   di vitello al forno con patate;Gnocchi   alla sorrentina;Spezzatino   di manzo;Torta   salata di melanzane;Pomodori   ripieni;Polpettine   di tonno e ricotta;Cosce di   pollo al forno;Pollo al   limone;Zuppa di   ceci;Gateau   di patate;";;;"Arrosto   di vitello al forno con patate;Tagliatelle   ai funghi porcini;Torta   salata di melanzane;Torta   rustica salata;Pomodori   ripieni;Polpette   al sugo;Pesce   spada alla siciliana;Carbonara   di mare;Insalata   di riso;Crocchette   di patate;";;;7;;;8;;;3;;;5;;;7;;;7;;;9;;;8;;;10;;;10;;;2;;;8;;;9;;;8;;;5;;;8;;;9;;;9;;;7;;;8;;;9;;;10;;;8;;;10;;;10;;10;8;;10;;6;9;;;;;;;;;;7;;;8;;;4;;;8;;;7;;;10;;;10;;;5;;;10;;;4;;;8;;;6;;;9;;;8;;;8;;;8;;;8;;;7;;;4;;;8;;;7;;;;;;;;;;;;;;;;;;;;;;;;;;;;;;;;;;;;;;;#NOME?;;;#NOME?;;;Cottura a fiamma;;;9;;;
35;7;5;1/24/22 13:30:59;1/24/22 13:39:51;anonymous;;;;Donna;;;18-30;;;Piemonte;;;5;;;5;;;2;;;4;;;3;;;8;;;7;;;8;;;8;;;7;;;6;;;9;;;7;;;9;;;9;;;7;;;8;;;8;;;3;;;7;;;10;;;"Pesce   spada alla siciliana;Torta   rustica salata;Cornetti   salati;Gnocco   fritto;Pollo al   limone;Pollo al   curry;Gateau   di patate;Pasta   alla marinara;Zuppa di   ceci;Tagliatelle   ai funghi porcini;";;;"Cosce di   pollo al forno;Pollo al   limone;Polpettine   di tonno e ricotta;Arrosto   di vitello al forno con patate;Gnocchi   alla sorrentina;Gateau   di patate;Spezzatino   di manzo;Pomodori   ripieni;Zuppa di   ceci;Torta   salata di melanzane;";;;"Crocchette   di patate;Polpette   al sugo;Torta   rustica salata;Arrosto   di vitello al forno con patate;Pesce   spada alla siciliana;Carbonara   di mare;Insalata   di riso;Pomodori   ripieni;Torta   salata di melanzane;Tagliatelle   ai funghi porcini;";;;8;;;6;;;3;;;7;;;4;;;4;;;7;;;5;;;5;;;5;;;6;;;8;;;2;;;1;;;10;;;10;;;10;;;3;;;7;;;5;;;2;;;7;;;10;;;9;;;9;;7;5;;6;;1;8;;;;;;;;;;7;;;7;;;9;;;1;;;7;;;9;;;7;;;7;;;6;;;5;;;7;;;6;;;8;;;8;;;7;;;7;;;8;;;7;;;6;;;5;;;6;;;#NOME?;;;#NOME?;;;#NOME?;;;8;;;#NOME?;;;Erbe, Spezie e Condimenti;;;Cottura a fiamma;;;6;;;#NOME?;;;#NOME?;;;#NOME?;;;7;;;#NOME?;;;#NOME?;;;Erbe, Spezie e Condimenti;;;;;;
36;7;6;1/24/22 13:48:06;1/24/22 13:58:26;anonymous;;;;Donna;;;31-50;;;Abruzzo;;;8;;;3;;;4;;;8;;;7;;;8;;;3;;;8;;;9;;;3;;;9;;;9;;;3;;;10;;;7;;;10;;;7;;;7;;;10;;;7;;;10;;;"Gateau   di patate;Pollo al   curry;Zuppa di   ceci;Pollo al   limone;Gnocco   fritto;Cornetti   salati;Torta   rustica salata;Tagliatelle   ai funghi porcini;Pasta   alla marinara;Pesce   spada alla siciliana;";;;"Gateau   di patate;Zuppa di   ceci;Pollo al   limone;Torta   salata di melanzane;Cosce di   pollo al forno;Pomodori   ripieni;Arrosto   di vitello al forno con patate;Gnocchi   alla sorrentina;Polpettine   di tonno e ricotta;Spezzatino   di manzo;";;;"Polpette   al sugo;Crocchette   di patate;Torta   salata di melanzane;Pomodori   ripieni;Arrosto   di vitello al forno con patate;Insalata   di riso;Torta   rustica salata;Tagliatelle   ai funghi porcini;Carbonara   di mare;Pesce   spada alla siciliana;";;;7;;;10;;;7;;;10;;;3;;;9;;;9;;;7;;;1;;;4;;;4;;;10;;;8;;;8;;;9;;;9;;;9;;;1;;;9;;;9;;;1;;;9;;;9;;;9;;;10;;1;4;;8;;1;7;;;;;;;;;;5;;;6;;;8;;;1;;;9;;;10;;;1;;;8;;;8;;;6;;;9;;;6;;;10;;;9;;;9;;;4;;;8;;;7;;;7;;;9;;;5;;;#NOME?;;;Cereali;;;#NOME?;;;9;;;#NOME?;;;#NOME?;;;#NOME?;;;8;;;#NOME?;;;#NOME?;;;#NOME?;;;10;;;#NOME?;;;#NOME?;;;Cereali;;;10;;;
37;7;7;1/24/22 14:16:06;1/24/22 14:27:53;anonymous;;;;Uomo;;;31-50;;;Abruzzo;;;7;;;7;;;9;;;8;;;8;;;5;;;5;;;7;;;8;;;6;;;6;;;6;;;7;;;9;;;9;;;8;;;5;;;7;;;7;;;7;;;8;;;"Tagliatelle   ai funghi porcini;Pollo al   curry;Pasta   alla marinara;Gnocco   fritto;Torta   rustica salata;Zuppa di   ceci;Pollo al   limone;Gateau   di patate;Pesce   spada alla siciliana;Cornetti   salati;";;;"Spezzatino   di manzo;Polpettine   di tonno e ricotta;Zuppa di   ceci;Torta   salata di melanzane;Gnocchi   alla sorrentina;Pomodori   ripieni;Pollo al   limone;Arrosto   di vitello al forno con patate;Cosce di   pollo al forno;Gateau   di patate;";;;"Tagliatelle   ai funghi porcini;Polpette   al sugo;Crocchette   di patate;Pomodori   ripieni;Torta   rustica salata;Torta   salata di melanzane;Arrosto   di vitello al forno con patate;Pesce   spada alla siciliana;Carbonara   di mare;Insalata   di riso;";;;7;;;5;;;7;;;7;;;9;;;9;;;7;;;7;;;7;;;8;;;7;;;8;;;8;;;8;;;6;;;6;;;7;;;8;;;7;;;7;;;7;;;7;;;9;;;8;;;10;;7;8;;7;;8;7;;;;;;;;;;9;;;8;;;7;;;10;;;9;;;9;;;7;;;8;;;7;;;3;;;9;;;4;;;9;;;8;;;9;;;7;;;9;;;8;;;5;;;6;;;7;;;#NOME?;;;Cereali;;;Erbe, Spezie e Condimenti;;;7;;;#NOME?;;;#NOME?;;;Erbe, Spezie e Condimenti;;;5;;;#NOME?;;;Cereali;;;#NOME?;;;5;;;#NOME?;;;#NOME?;;;Erbe, Spezie e Condimenti;;;5;;;
38;7;8;1/24/22 15:01:52;1/24/22 15:16:12;anonymous;;;;Uomo;;;18-30;;;Lombardia;;;6;;;7;;;9;;;7;;;9;;;9;;;9;;;6;;;8;;;9;;;9;;;9;;;9;;;9;;;6;;;8;;;7;;;6;;;6;;;3;;;8;;;"Tagliatelle   ai funghi porcini;Pesce   spada alla siciliana;Pollo al   curry;Gateau   di patate;Zuppa di   ceci;Pasta   alla marinara;Torta   rustica salata;Gnocco   fritto;Cornetti   salati;Pollo al   limone;";;;"Gnocchi   alla sorrentina;Spezzatino   di manzo;Arrosto   di vitello al forno con patate;Cosce di   pollo al forno;Gateau   di patate;Pomodori   ripieni;Torta   salata di melanzane;Zuppa di   ceci;Pollo al   limone;Polpettine   di tonno e ricotta;";;;"Crocchette   di patate;Tagliatelle   ai funghi porcini;Arrosto   di vitello al forno con patate;Pesce   spada alla siciliana;Insalata   di riso;Polpette   al sugo;Carbonara   di mare;Torta   rustica salata;Pomodori   ripieni;Torta   salata di melanzane;";;;3;;;8;;;8;;;8;;;8;;;6;;;6;;;7;;;9;;;10;;;3;;;7;;;7;;;8;;;6;;;7;;;4;;;9;;;7;;;7;;;9;;;8;;;6;;;9;;;9;;9;9;;8;;10;7;;;;;;;;;;9;;;7;;;6;;;9;;;8;;;9;;;9;;;8;;;7;;;5;;;9;;;7;;;10;;;2;;;9;;;8;;;10;;;8;;;6;;;8;;;10;;;#NOME?;;;Erbe, Spezie e Condimenti;;;Funghi e Tartufi;;;10;;;#NOME?;;;#NOME?;;;Cottura a fiamma;;;10;;;#NOME?;;;#NOME?;;;Verdure e Ortaggi;;;10;;;Cereali;;;Frutta;;;#NOME?;;;8;;;
39;8;1;1/24/22 13:45:17;1/24/22 13:54:18;anonymous;;;;Donna;;;31-50;;;Abruzzo;;;2;;;2;;;1;;;1;;;1;;;1;;;1;;;3;;;1;;;1;;;4;;;2;;;2;;;1;;;1;;;1;;;1;;;1;;;1;;;1;;;1;;;"Pasta al   forno;Risotto   ai funghi porcini;Arrosto   di vitello al forno con patate;Cozze   gratinate;Capesante   gratinate;Scaloppine   ai funghi;Fiori di   zucca in pastella;Insalata   tiepida di polpo e patate;Gnocco   fritto;Spaghetti   alla puttanesca;";;;"Pollo al   curry;Risotto   ai funghi porcini;Cozze   gratinate;Scaloppine   al limone;Spaghetti   al tonno;Salmone   al forno;Scaloppine   ai funghi;Crocchette   di patate;Pasta   alla cenere;Cornetti   salati;";;;"Pollo al   curry;Pollo   alle mandorle;Torta   salata di melanzane;Insalata   tiepida di polpo e patate;Calamarata;Penne al   baffo;Pasta   alla cenere;Spaghetti   alla puttanesca;Gnocco   fritto;Cornetti   salati;";;;7;;;7;;;6;;;7;;;8;;;7;;;7;;;4;;;8;;;6;;;1;;;5;;;8;;;10;;;7;;;7;;;7;;;7;;;8;;;8;;;7;;;8;;;8;;;8;;;8;;8;7;;8;;8;8;;;;;;;;;;8;;;8;;;8;;;8;;;9;;;8;;;8;;;5;;;8;;;8;;;8;;;8;;;8;;;4;;;8;;;8;;;8;;;8;;;7;;;6;;;6;;;#NOME?;;;Erbe, Spezie e Condimenti;;;#NOME?;;;5;;;#NOME?;;;Erbe, Spezie e Condimenti;;;Cereali;;;5;;;#NOME?;;;Cereali;;;#NOME?;;;5;;;Cereali;;;Erbe, Spezie e Condimenti;;;#NOME?;;;5;;;
40;8;2;1/25/22 11:47:20;1/25/22 16:35:22;anonymous;;;;Donna;;;18-30;;;Campania;;;9;;;10;;;6;;;6;;;5;;;7;;;9;;;6;;;10;;;7;;;5;;;6;;;9;;;10;;;6;;;5;;;6;;;10;;;6;;;8;;;8;;;"Pasta al   forno;Gnocco   fritto;Risotto   ai funghi porcini;Spaghetti   alla puttanesca;Scaloppine   ai funghi;Arrosto   di vitello al forno con patate;Insalata   tiepida di polpo e patate;Capesante   gratinate;Fiori di   zucca in pastella;Cozze   gratinate;";;;"Risotto   ai funghi porcini;Scaloppine   al limone;Crocchette   di patate;Salmone   al forno;Scaloppine   ai funghi;Pollo al   curry;Spaghetti   al tonno;Pasta   alla cenere;Cornetti   salati;Cozze   gratinate;";;;"Gnocco   fritto;Pollo   alle mandorle;Torta   salata di melanzane;Calamarata;Cornetti   salati;Pollo al   curry;Insalata   tiepida di polpo e patate;Spaghetti   alla puttanesca;Pasta   alla cenere;Penne al   baffo;";;;8;;;6;;;2;;;10;;;8;;;3;;;10;;;7;;;7;;;7;;;2;;;5;;;6;;;7;;;7;;;7;;;7;;;6;;;5;;;10;;;8;;;8;;;10;;;8;;;10;;10;8;;10;;8;10;;;;;;;;;;10;;;10;;;7;;;5;;;7;;;7;;;8;;;5;;;10;;;8;;;8;;;6;;;8;;;6;;;8;;;8;;;8;;;7;;;10;;;6;;;7;;;Forno;;;#NOME?;;;#NOME?;;;9;;;#NOME?;;;#NOME?;;;Bollitura;;;9;;;#NOME?;;;#NOME?;;;#NOME?;;;9;;;Cereali;;;#NOME?;;;#NOME?;;;9;;;
41;9;1;1/18/22 19:23:37;1/18/22 19:36:18;anonymous;;;;Uomo;;;51-70;;;Abruzzo;;;10;;;4;;;4;;;2;;;10;;;10;;;2;;;1;;;1;;;10;;;10;;;5;;;5;;;1;;;1;;;3;;;2;;;1;;;10;;;4;;;2;;;"Spezzatino   di vitello con patate;Polpette   di carne;Passatelli   in brodo;Pasta   agli asparagi;Arancini;Melanzane   al forno;Polpette   di zucchine;Pollo   alle mandorle;Pollo   alla cacciatora;Pasta   con la zucca;";;;"Spezzatino   di manzo;Calamari   ripieni;Polpette   di carne;Spaghetti   allo scoglio;Risotto   ai funghi porcini;Pasta   con la zucca;Ossibuchi   alla milanese;Gnocco   fritto;Cornetti   salati;Pollo   alle mandorle;";;;"Spezzatino   di vitello con patate;Spezzatino   di manzo;Risotto   ai funghi porcini;Pasta   agli asparagi;Orecchiette   broccoli e salsiccia;Polpette   di zucchine;Torta   salata di zucchine;Pasta   allo scarpariello;Gnocco   fritto;Pollo al   limone;";;;10;;;3;;;3;;;6;;;10;;;10;;;10;;;8;;;4;;;5;;;1;;;10;;;4;;;10;;;6;;;8;;;9;;;8;;;5;;;10;;;5;;;10;;;10;;;10;;;10;;4;4;;10;;7;3;;;;;;;;;;10;;;10;;;10;;;8;;;8;;;10;;;6;;;6;;;10;;;8;;;10;;;5;;;8;;;9;;;10;;;9;;;10;;;10;;;10;;;4;;;7;;;#NOME?;;;Cereali;;;Erbe, Spezie e Condimenti;;;;;;#NOME?;;;Cereali;;;Erbe, Spezie e Condimenti;;;9;;;#NOME?;;;Cereali;;;Erbe, Spezie e Condimenti;;;6;;;#NOME?;;;Cereali;;;#NOME?;;;6;;;
42;9;2;1/18/22 22:02:42;1/18/22 22:03:21;anonymous;;;;Uomo;;;18-30;;;Abruzzo;;;5;;;7;;;4;;;2;;;6;;;3;;;7;;;7;;;6;;;8;;;8;;;6;;;10;;;6;;;4;;;7;;;1;;;1;;;7;;;6;;;1;;;"Spezzatino   di vitello con patate;Polpette   di carne;Pollo   alle mandorle;Pollo   alla cacciatora;Passatelli   in brodo;Pasta   con la zucca;Pasta   agli asparagi;Arancini;Melanzane   al forno;Polpette   di zucchine;";;;"Ossibuchi   alla milanese;Spezzatino   di manzo;Pollo   alle mandorle;Polpette   di carne;Gnocco   fritto;Calamari   ripieni;Cornetti   salati;Spaghetti   allo scoglio;Pasta   con la zucca;Risotto   ai funghi porcini;";;;"Spezzatino   di manzo;Spezzatino   di vitello con patate;Pollo al   limone;Pasta   allo scarpariello;Gnocco   fritto;Pasta   agli asparagi;Risotto   ai funghi porcini;Orecchiette   broccoli e salsiccia;Torta   salata di zucchine;Polpette   di zucchine;";;;7;;;6;;;8;;;8;;;10;;;9;;;6;;;7;;;7;;;7;;;7;;;9;;;7;;;7;;;7;;;5;;;6;;;2;;;7;;;3;;;2;;;1;;;7;;;7;;;8;;9;7;;2;;7;7;;;;;;;;;;9;;;6;;;7;;;2;;;7;;;7;;;9;;;7;;;2;;;7;;;7;;;6;;;9;;;10;;;6;;;7;;;8;;;6;;;8;;;3;;;5;;;Pasta;;;#NOME?;;;;;;3;;;Carne;;;Verdure e Ortaggi;;;;;;3;;;Pasta;;;Verdure e Ortaggi;;;;;;2;;;;;;;;;;;;;;;
43;9;3;1/18/22 22:07:01;1/18/22 22:18:36;anonymous;;;;Donna;;;31-50;;;Abruzzo;;;4;;;1;;;2;;;2;;;2;;;2;;;2;;;4;;;3;;;3;;;3;;;1;;;2;;;1;;;1;;;2;;;2;;;1;;;1;;;1;;;1;;;"Pollo   alle mandorle;Polpette   di carne;Spezzatino   di vitello con patate;Pollo   alla cacciatora;Melanzane   al forno;Pasta   agli asparagi;Passatelli   in brodo;Pasta   con la zucca;Arancini;Polpette   di zucchine;";;;"Pollo   alle mandorle;Spezzatino   di manzo;Polpette   di carne;Pasta   con la zucca;Gnocco   fritto;Ossibuchi   alla milanese;Risotto   ai funghi porcini;Spaghetti   allo scoglio;Cornetti   salati;Calamari   ripieni;";;;"Spezzatino   di vitello con patate;Spezzatino   di manzo;Orecchiette   broccoli e salsiccia;Gnocco   fritto;Risotto   ai funghi porcini;Pasta   agli asparagi;Pasta   allo scarpariello;Polpette   di zucchine;Torta   salata di zucchine;Pollo al   limone;";;;4;;;2;;;5;;;5;;;5;;;5;;;4;;;4;;;2;;;2;;;2;;;2;;;2;;;3;;;2;;;3;;;3;;;2;;;3;;;3;;;1;;;3;;;3;;;5;;;4;;3;3;;3;;2;2;;;;;;;;;;5;;;3;;;3;;;4;;;3;;;5;;;3;;;4;;;4;;;3;;;3;;;2;;;5;;;4;;;3;;;3;;;5;;;2;;;4;;;4;;;4;;;#NOME?;;;Erbe, Spezie e Condimenti;;;#NOME?;;;6;;;Funghi e Tartufi;;;#NOME?;;;#NOME?;;;;;;#NOME?;;;#NOME?;;;Uova;;;5;;;#NOME?;;;#NOME?;;;#NOME?;;;4;;;
44;9;4;1/24/22 13:33:53;1/24/22 13:43:45;anonymous;;;;Uomo;;;31-50;;;Abruzzo;;;1;;;3;;;10;;;10;;;10;;;10;;;10;;;6;;;1;;;10;;;10;;;10;;;10;;;8;;;10;;;1;;;1;;;6;;;10;;;6;;;4;;;"Pasta   agli asparagi;Spezzatino   di vitello con patate;Passatelli   in brodo;Arancini;Pollo   alle mandorle;Pollo   alla cacciatora;Pasta   con la zucca;Polpette   di zucchine;Melanzane   al forno;Polpette   di carne;";;;"Spaghetti   allo scoglio;Risotto   ai funghi porcini;Calamari   ripieni;Spezzatino   di manzo;Gnocco   fritto;Pollo   alle mandorle;Ossibuchi   alla milanese;Cornetti   salati;Pasta   con la zucca;Polpette   di carne;";;;"Pasta   agli asparagi;Orecchiette   broccoli e salsiccia;Risotto   ai funghi porcini;Spezzatino   di vitello con patate;Spezzatino   di manzo;Gnocco   fritto;Pasta   allo scarpariello;Pollo al   limone;Polpette   di zucchine;Torta   salata di zucchine;";;;6;;;5;;;5;;;5;;;5;;;5;;;7;;;1;;;10;;;8;;;5;;;8;;;9;;;10;;;6;;;6;;;6;;;10;;;7;;;9;;;9;;;9;;;10;;;10;;;10;;10;5;;7;;4;1;;;;;;;;;;5;;;2;;;3;;;10;;;10;;;10;;;10;;;10;;;6;;;10;;;10;;;10;;;10;;;10;;;10;;;10;;;10;;;10;;;10;;;6;;;6;;;#NOME?;;;#NOME?;;;#NOME?;;;5;;;#NOME?;;;#NOME?;;;#NOME?;;;8;;;#NOME?;;;#NOME?;;;#NOME?;;;8;;;#NOME?;;;#NOME?;;;#NOME?;;;8;;;
45;9;5;1/24/22 17:34:28;1/24/22 18:53:32;anonymous;;;;Donna;;;51-70;;;Campania;;;6;;;1;;;1;;;10;;;10;;;5;;;5;;;5;;;6;;;6;;;6;;;6;;;6;;;10;;;1;;;7;;;3;;;2;;;6;;;5;;;3;;;"Spezzatino   di vitello con patate;Polpette   di carne;Pollo   alla cacciatora;Pasta   con la zucca;Pollo   alle mandorle;Melanzane   al forno;Polpette   di zucchine;Pasta   agli asparagi;Passatelli   in brodo;Arancini;";;;"Spaghetti   allo scoglio;Risotto   ai funghi porcini;Polpette   di carne;Calamari   ripieni;Pasta   con la zucca;Gnocco   fritto;Spezzatino   di manzo;Ossibuchi   alla milanese;Pollo   alle mandorle;Cornetti   salati;";;;"Risotto   ai funghi porcini;Pollo al   limone;Gnocco   fritto;Spezzatino   di vitello con patate;Spezzatino   di manzo;Orecchiette   broccoli e salsiccia;Pasta   allo scarpariello;Torta   salata di zucchine;Polpette   di zucchine;Pasta   agli asparagi;";;;8;;;8;;;8;;;5;;;10;;;10;;;2;;;6;;;8;;;10;;;5;;;10;;;10;;;10;;;6;;;6;;;6;;;8;;;10;;;10;;;10;;;10;;;10;;;10;;;10;;10;10;;10;;10;5;;;;;;;;;;10;;;5;;;5;;;2;;;10;;;10;;;10;;;10;;;10;;;10;;;10;;;6;;;10;;;10;;;10;;;10;;;10;;;10;;;6;;;10;;;10;;;Erbe, Spezie e Condimenti;;;#NOME?;;;Forno;;;7;;;Latticini;;;#NOME?;;;#NOME?;;;5;;;#NOME?;;;Dolcificanti;;;#NOME?;;;6;;;#NOME?;;;#NOME?;;;#NOME?;;;5;;;
46;10;1;1/24/22 18:07:36;1/24/22 18:15:14;anonymous;;;;Donna;;;31-50;;;Abruzzo;;;7;;;10;;;8;;;6;;;10;;;10;;;5;;;10;;;8;;;7;;;5;;;8;;;5;;;8;;;10;;;10;;;10;;;10;;;4;;;8;;;10;;;"Mozzarella   in carrozza;Fiori di   zucca in pastella;Melanzane   al forno;Spaghetti   con crema di burrata e melanzane;Cosce di   pollo al forno;Salmone   croccante;Capesante   gratinate;Risotto   ai funghi porcini;Risotto   allo Zafferano;Scaloppine   ai funghi;";;;"Pasta   con la zucca;Capesante   gratinate;Saltimbocca   alla Romana;Risotto   allo Zafferano;Cosce di   pollo al forno;Pollo   alla cacciatora;Ali di   pollo e patate saporite;Carbonara   di mare;Polpettine   di tonno e ricotta;Calamari   ripieni;";;;"Fiori di   zucca in pastella;Piadina   Romagnola;Cornetti   salati;Risotto   ai funghi porcini;Pollo al   limone;Pollo   alla cacciatora;Scaloppine ai funghi;Carbonara   di mare;Paccheri   al sugo di calamari;Polpettine   di tonno e ricotta;";;;10;;;6;;;3;;;7;;;7;;;4;;;10;;;6;;;9;;;8;;;2;;;8;;;9;;;9;;;10;;;10;;;10;;;8;;;7;;;10;;;6;;;10;;;10;;;10;;;10;;6;9;;10;;5;8;;;;;;;;;;6;;;10;;;10;;;6;;;8;;;10;;;7;;;6;;;10;;;8;;;8;;;8;;;10;;;6;;;8;;;8;;;8;;;5;;;8;;;6;;;9;;;;;;;;;;;;;;;;;;;;;;;;;;;;;;;;;;;;;;;Frittura;;;Pesce;;;;;;8;;;
47;10;2;1/26/22 20:28:21;1/26/22 21:02:08;anonymous;;;;Donna;;;31-50;;;Emilia Romagna;;;8;;;10;;;10;;;7;;;10;;;9;;;10;;;10;;;10;;;10;;;10;;;8;;;9;;;7;;;6;;;10;;;10;;;7;;;5;;;8;;;1;;;"Capesante   gratinate;Melanzane   al forno;Risotto   allo Zafferano;Risotto   ai funghi porcini;Spaghetti   con crema di burrata e melanzane;Scaloppine   ai funghi;Cosce di   pollo al forno;Salmone   croccante;Fiori di   zucca in pastella;Mozzarella   in carrozza;";;;"Capesante   gratinate;Risotto   allo Zafferano;Calamari   ripieni;Pasta   con la zucca;Pollo   alla cacciatora;Saltimbocca   alla Romana;Ali di   pollo e patate saporite;Cosce di   pollo al forno;Carbonara   di mare;Polpettine   di tonno e ricotta;";;;"Risotto   ai funghi porcini;Paccheri   al sugo di calamari;Pollo   alla cacciatora;Scaloppine ai funghi;Pollo al   limone;Piadina   Romagnola;Carbonara   di mare;Fiori di   zucca in pastella;Polpettine   di tonno e ricotta;Cornetti   salati;";;;9;;;8;;;4;;;7;;;7;;;7;;;8;;;7;;;9;;;9;;;4;;;8;;;8;;;10;;;7;;;3;;;5;;;8;;;2;;;9;;;7;;;10;;;8;;;9;;;9;;10;9;;10;;8;7;;;;;;;;;;9;;;9;;;9;;;9;;;9;;;9;;;10;;;8;;;10;;;9;;;9;;;8;;;10;;;3;;;2;;;7;;;9;;;8;;;9;;;8;;;6;;;Frittura;;;Cereali;;;Pesce;;;2;;;#NOME?;;;Erbe, Spezie e Condimenti;;;#NOME?;;;9;;;#NOME?;;;#NOME?;;;#NOME?;;;10;;;#NOME?;;;#NOME?;;;#NOME?;;;1;;;
48;1;5;03/12/2022 10:04;03/12/2022 10:15;anonymous;;;;Donna;;;18-30;;;Abruzzo;;;5;;;10;;;5;;;10;;;9;;;10;;;4;;;10;;;10;;;10;;;2;;;10;;;4;;;7;;;8;;;10;;;10;;;2;;;10;;;10;;;4;;;"Risotto con zucchine;Cozze gratinate;Pollo al limone;Pollo alla cacciatora;Torta salata di zucchine;Seppie con piselli;Pasta alla zozzona;Cornetti salati;Orecchiette broccoli e salsiccia;Polpettine di tonno e ricotta;";;;"Fiori di zucca in pastella;Arancini;Torta salata di zucchine;Seppie con piselli;Saltimbocca alla Romana;Genovese;Couscous alle verdure;Orecchiette broccoli e salsiccia;Brasato al Barolo;Vitello tonnato;";;;"Pasta al forno;Arancini;Pollo alla cacciatora;Genovese;Baccalà in umido;Crema di zucca;Pasta alla zozzona;Polpettine di tonno e ricotta;Vitello tonnato;Gnocco fritto;";;;10;;;4;;;10;;;10;;;10;;;7;;;8;;;4;;;10;;;6;;;5;;;7;;;10;;;8;;;6;;;10;;;10;;;10;;;10;;;10;;;6;;;10;;;7;;;10;;;10;;7;6;;10;;7;10;;;;;;;;;;8;;;10;;;9;;;7;;;10;;;8;;;6;;;10;;;10;;;8;;;8;;;10;;;10;;;10;;;7;;;8;;;10;;;5;;;6;;;1;;;5;;;#NOME?;;;Bollitura;;;#NOME?;;;4;;;#NOME?;;;#NOME?;;;Cottura a vapore;;;1;;;#NOME?;;;Funghi e Tartufi;;;Stufato;;;;;;#NOME?;;;Mantecatura;;;#NOME?;;;1;;;
49;3;4;1/28/22 18:56:42;1/28/22 20:05:53;anonymous;;;;Donna;;;51-70;;;Lombardia;;;6;;;6;;;8;;;6;;;6;;;6;;;7;;;6;;;5;;;7;;;5;;;5;;;4;;;5;;;6;;;6;;;4;;;5;;;3;;;7;;;5;;;"Risotto   allo Zafferano;Insalata   tiepida di polpo e patate;Gamberoni   al forno;Carbonara   di mare;Pasta   con asparagi e pancetta;Mozzarella   in carrozza;Pollo al   limone;Gateau   di patate;Polpette   di verdure;Polpette   di melanzane;";;;"Pasta   con la zucca;Crocchette   di patate;Pasta e   zucchine;Mozzarella   in carrozza;Salmone   al forno;Carbonara   di mare;Seppie   con piselli;Gamberoni   al forno;Baccalà   in umido;Parmigiana   di melanzane;";;;"Pasta   con la zucca;Insalata   tiepida di polpo e patate;Risotto   allo Zafferano;Spaghetti   Cacio e Pepe;Spaghetti   alle vongole;Cosce di   pollo al forno;Baccalà   in umido;Torta   rustica salata;Parmigiana   di melanzane;Polpette   di verdure;";;;8;;;4;;;7;;;8;;;8;;;8;;;7;;;3;;;8;;;8;;;2;;;8;;;8;;;8;;;8;;;8;;;8;;;8;;;9;;;8;;;7;;;8;;;8;;;9;;;9;;8;8;;7;;7;7;;;;;;;;;;9;;;8;;;8;;;7;;;8;;;10;;;8;;;9;;;8;;;9;;;9;;;7;;;8;;;7;;;9;;;6;;;7;;;8;;;9;;;8;;;9;;;#NOME?;;;#NOME?;;;#NOME?;;;7;;;#NOME?;;;#NOME?;;;#NOME?;;;7;;;#NOME?;;;Verdure e Ortaggi;;;#NOME?;;;6;;;#NOME?;;;#NOME?;;;#NOME?;;;6;;;
50;3;5;1/29/22 8:42:57;1/29/22 9:10:14;anonymous;;;;Donna;;;51-70;;;Piemonte;;;1;;;3;;;9;;;5;;;5;;;8;;;1;;;10;;;8;;;1;;;7;;;7;;;1;;;4;;;9;;;5;;;5;;;4;;;10;;;7;;;9;;;"Polpette   di melanzane;Risotto   allo Zafferano;Pollo al   limone;Gateau   di patate;Carbonara   di mare;Pasta   con asparagi e pancetta;Gamberoni   al forno;Mozzarella   in carrozza;Insalata   tiepida di polpo e patate;Polpette   di verdure;";;;"Parmigiana   di melanzane;Gamberoni   al forno;Crocchette   di patate;Salmone   al forno;Pasta e   zucchine;Mozzarella   in carrozza;Pasta   con la zucca;Baccalà   in umido;Seppie   con piselli;Carbonara   di mare;";;;"Parmigiana   di melanzane;Risotto   allo Zafferano;Spaghetti   Cacio e Pepe;Torta   rustica salata;Pasta   con la zucca;Baccalà   in umido;Cosce di   pollo al forno;Polpette   di verdure;Insalata   tiepida di polpo e patate;Spaghetti   alle vongole;";;;5;;;6;;;6;;;5;;;8;;;3;;;7;;;4;;;8;;;7;;;1;;;5;;;9;;;9;;;6;;;6;;;8;;;4;;;2;;;8;;;1;;;9;;;3;;;8;;;10;;9;5;;8;;3;2;;;;;;;;;;8;;;5;;;5;;;6;;;6;;;7;;;6;;;2;;;5;;;5;;;8;;;3;;;9;;;2;;;4;;;7;;;9;;;7;;;8;;;8;;;10;;;#NOME?;;;#NOME?;;;Forno;;;10;;;;;;Cereali;;;#NOME?;;;8;;;;;;;;;;;;;;;;;;#NOME?;;;#NOME?;;;9;;;
51;4;6;2/19/22 10:11:50;2/19/22 10:29:49;anonymous;;;;Uomo;;;Over 70;;;Sicilia;;;7;;;4;;;9;;;2;;;8;;;9;;;3;;;4;;;6;;;8;;;6;;;8;;;7;;;9;;;10;;;7;;;8;;;8;;;10;;;9;;;10;;;"Arancini;Gnocchi   alla sorrentina;Cannelloni;Spezzatino   di vitello con patate;Salmone   al forno;Scaloppine   al limone;Cornetti   salati;Fiori di   zucca in pastella;Polpette   di zucchine;Linguine   gamberetti zucchine e zafferano;";;;"Parmigiana   di melanzane;Pesce   spada alla siciliana;Cannelloni;Risotto   con zucchine;Polpette   al sugo;Polpette   di zucchine;Torta   salata di melanzane;Vitello tonnato;Riso   alla cantonese;Salmone   al forno;";;;"Gnocchi   alla sorrentina;Parmigiana   di melanzane;Gateau   di patate;Pasta   alla zozzona;Brasato   al Barolo;Cornetti   salati;Scaloppine   al limone;Vitello   tonnato;Pasta   alla cenere;Riso   alla cantonese;";;;10;;;2;;;5;;;4;;;8;;;9;;;9;;;3;;;5;;;8;;;5;;;8;;;9;;;9;;;9;;;8;;;10;;;2;;;3;;;8;;;4;;;9;;;9;;;10;;;10;;9;10;;10;;9;9;;;;;;;;;;8;;;9;;;9;;;6;;;9;;;10;;;9;;;9;;;9;;;10;;;9;;;7;;;10;;;10;;;10;;;8;;;9;;;9;;;10;;;5;;;9;;;#NOME?;;;#NOME?;;;Dolcificanti;;;1;;;#NOME?;;;Erbe, Spezie e Condimenti;;;;;;9;;;#NOME?;;;Cereali;;;;;;2;;;#NOME?;;;Bollitura;;;;;;1;;;
52;4;7;2/19/22 10:30:09;2/19/22 10:41:46;anonymous;;;;Donna;;;Over 70;;;Sicilia;;;9;;;6;;;6;;;1;;;2;;;4;;;1;;;1;;;8;;;8;;;8;;;8;;;6;;;8;;;10;;;5;;;7;;;6;;;8;;;5;;;9;;;"Arancini;Cannelloni;Scaloppine   al limone;Fiori di   zucca in pastella;Spezzatino   di vitello con patate;Gnocchi   alla sorrentina;Cornetti   salati;Polpette   di zucchine;Linguine   gamberetti zucchine e zafferano;Salmone   al forno;";;;"Pesce   spada alla siciliana;Parmigiana   di melanzane;Cannelloni;Vitello tonnato;Polpette   di zucchine;Polpette   al sugo;Salmone   al forno;Torta   salata di melanzane;Risotto   con zucchine;Riso   alla cantonese;";;;"Gateau   di patate;Scaloppine   al limone;Cornetti   salati;Vitello   tonnato;Brasato   al Barolo;Parmigiana   di melanzane;Pasta   alla zozzona;Gnocchi   alla sorrentina;Pasta   alla cenere;Riso   alla cantonese;";;;8;;;9;;;7;;;9;;;10;;;10;;;9;;;6;;;8;;;9;;;4;;;8;;;9;;;7;;;9;;;6;;;7;;;7;;;6;;;7;;;6;;;8;;;9;;;9;;;10;;10;9;;9;;10;5;;;;;;;;;;9;;;9;;;8;;;6;;;7;;;8;;;9;;;7;;;7;;;9;;;9;;;7;;;9;;;9;;;8;;;7;;;9;;;9;;;9;;;7;;;9;;;Dolcificanti;;;;;;;;;1;;;#NOME?;;;#NOME?;;;;;;9;;;#NOME?;;;Erbe, Spezie e Condimenti;;;;;;9;;;#NOME?;;;#NOME?;;;;;;9;;;
53;9;6;1/28/22 22:09:15;1/28/22 22:31:34;anonymous;;;;Donna;;;51-70;;;Piemonte;;;10;;;6;;;8;;;8;;;10;;;10;;;10;;;10;;;10;;;10;;;10;;;10;;;7;;;10;;;10;;;10;;;10;;;10;;;10;;;10;;;10;;;"Polpette   di carne;Pollo   alla cacciatora;Arancini;Pollo   alle mandorle;Melanzane   al forno;Polpette   di zucchine;Pasta   con la zucca;Spezzatino   di vitello con patate;Pasta   agli asparagi;Passatelli   in brodo;";;;"Spaghetti   allo scoglio;Spezzatino   di manzo;Gnocco   fritto;Calamari   ripieni;Polpette   di carne;Risotto   ai funghi porcini;Pollo   alle mandorle;Pasta   con la zucca;Cornetti   salati;Ossibuchi   alla milanese;";;;"Spezzatino   di vitello con patate;Risotto   ai funghi porcini;Torta   salata di zucchine;Pasta   agli asparagi;Pasta   allo scarpariello;Gnocco   fritto;Orecchiette   broccoli e salsiccia;Spezzatino   di manzo;Pollo al   limone;Polpette   di zucchine;";;;8;;;8;;;8;;;10;;;10;;;8;;;10;;;10;;;10;;;8;;;8;;;10;;;10;;;10;;;10;;;8;;;10;;;10;;;8;;;10;;;10;;;10;;;10;;;10;;;10;;10;10;;10;;8;10;;;;;;;;;;10;;;10;;;10;;;8;;;10;;;10;;;10;;;10;;;10;;;9;;;10;;;10;;;10;;;10;;;10;;;10;;;10;;;10;;;1;;;10;;;6;;;#NOME?;;;Pasta;;;Pesce;;;10;;;#NOME?;;;#NOME?;;;#NOME?;;;10;;;#NOME?;;;#NOME?;;;Rosolatura;;;10;;;#NOME?;;;#NOME?;;;#NOME?;;;10;;;
